<?xml version="1.0" encoding="UTF-8"?>
<plan xmlns="http://www.aiai.ed.ac.uk/project/ix/">
 <world-state>
  <list>
   <pattern-assignment>
    <pattern>
     <list>
      <symbol>trackWidth</symbol>
      <symbol>search1</symbol>
     </list>
    </pattern>
    <value>
     <double>4.0</double>
    </value>
   </pattern-assignment>
   <pattern-assignment>
    <pattern>
     <list>
      <symbol>status</symbol>
      <symbol>search1</symbol>
     </list>
    </pattern>
    <value>
     <double>67.0</double>
    </value>
   </pattern-assignment>
   <pattern-assignment>
    <pattern>
     <list>
      <symbol>note</symbol>
      <symbol>search1</symbol>
     </list>
    </pattern>
    <value>
     <list>
      <list>
       <string>2004.09.18 at 13:17:20 BST</string>
       <string>another note</string>
      </list>
      <list>
       <string>2004.09.18 at 13:17:11 BST</string>
       <string>a note is added</string>
      </list>
     </list>
    </value>
   </pattern-assignment>
   <pattern-assignment>
    <pattern>
     <list>
      <symbol>probability</symbol>
      <symbol>search1</symbol>
     </list>
    </pattern>
    <value>
     <double>20.0</double>
    </value>
   </pattern-assignment>
   <pattern-assignment>
    <pattern>
     <list>
      <symbol>pattern</symbol>
      <symbol>search1</symbol>
     </list>
    </pattern>
    <value>
     <list>
      <list>
       <double>52.80123</double>
       <double>-7.7225776</double>
      </list>
      <list>
       <double>53.004585</double>
       <double>-7.923754</double>
      </list>
      <list>
       <double>53.065742</double>
       <double>-7.9865227</double>
      </list>
      <list>
       <double>52.80924</double>
       <double>-7.840717</double>
      </list>
      <list>
       <double>52.81724</double>
       <double>-7.9588776</double>
      </list>
      <list>
       <double>53.126896</double>
       <double>-8.049379</double>
      </list>
      <list>
       <double>53.18805</double>
       <double>-8.112326</double>
      </list>
      <list>
       <double>52.82525</double>
       <double>-8.07706</double>
      </list>
      <list>
       <double>52.833256</double>
       <double>-8.195264</double>
      </list>
      <list>
       <double>53.249207</double>
       <double>-8.175362</double>
      </list>
      <list>
       <double>53.248917</double>
       <double>-8.112423</double>
      </list>
      <list>
       <double>53.279297</double>
       <double>-8.112199</double>
      </list>
      <list>
       <double>53.302498</double>
       <double>-7.9984107</double>
      </list>
      <list>
       <double>53.18677</double>
       <double>-8.0521345</double>
      </list>
      <list>
       <double>53.12463</double>
       <double>-7.991934</double>
      </list>
      <list>
       <double>53.325703</double>
       <double>-7.8845615</double>
      </list>
      <list>
       <double>53.3489</double>
       <double>-7.7706504</double>
      </list>
      <list>
       <double>53.062492</double>
       <double>-7.9318204</double>
      </list>
      <list>
       <double>53.000355</double>
       <double>-7.871793</double>
      </list>
      <list>
       <double>53.3721</double>
       <double>-7.656677</double>
      </list>
      <list>
       <double>53.395306</double>
       <double>-7.5426407</double>
      </list>
      <list>
       <double>52.938217</double>
       <double>-7.8118525</double>
      </list>
      <list>
       <double>52.876076</double>
       <double>-7.751998</double>
      </list>
      <list>
       <double>53.418507</double>
       <double>-7.428543</double>
      </list>
      <list>
       <double>53.441704</double>
       <double>-7.3143835</double>
      </list>
      <list>
       <double>52.81394</double>
       <double>-7.692229</double>
      </list>
     </list>
    </value>
   </pattern-assignment>
   <pattern-assignment>
    <pattern>
     <list>
      <symbol>sector</symbol>
      <symbol>search1</symbol>
     </list>
    </pattern>
    <value>
     <list>
      <list>
       <double>53.283417</double>
       <double>-8.193763</double>
      </list>
      <list>
       <double>53.466858</double>
       <double>-7.2712874</double>
      </list>
      <list>
       <double>52.78151</double>
       <double>-7.666634</double>
      </list>
      <list>
       <double>52.808075</double>
       <double>-8.23769</double>
      </list>
      <list>
       <double>53.283417</double>
       <double>-8.193763</double>
      </list>
     </list>
    </value>
   </pattern-assignment>
  </list>
 </world-state>
</plan>

