<?xml version="1.0" encoding="UTF-8"?>
<domain xmlns="http://www.aiai.ed.ac.uk/project/ix/">
 <refinements>
  <list>
   <refinement>
    <name>
     <string>Emergency safety procedure</string>
    </name>
    <pattern>
     <list>
      <symbol>ensure</symbol>
      <symbol>safety</symbol>
      <symbol>of</symbol>
      <symbol>public</symbol>
      <symbol>and</symbol>
      <symbol>response</symbol>
      <symbol>personnel</symbol>
     </list>
    </pattern>
    <nodes>
     <list>
      <node-spec id="1">
       <pattern>
        <list>
         <symbol>broadcast</symbol>
         <symbol>standard</symbol>
         <symbol>personnel</symbol>
         <symbol>safety</symbol>
         <symbol>protocol</symbol>
        </list>
       </pattern>
      </node-spec>
      <node-spec id="2">
       <pattern>
        <list>
         <symbol>identify</symbol>
         <symbol>hazards</symbol>
         <symbol>of</symbol>
         <symbol>spilled</symbol>
         <symbol>material</symbol>
        </list>
       </pattern>
      </node-spec>
      <node-spec id="3">
       <pattern>
        <list>
         <symbol>locate</symbol>
         <symbol>and</symbol>
         <symbol>evacuate</symbol>
         <symbol>casualties</symbol>
        </list>
       </pattern>
      </node-spec>
      <node-spec id="4">
       <pattern>
        <list>
         <symbol>consider</symbol>
         <symbol>evacuation</symbol>
         <symbol>of</symbol>
         <symbol>public</symbol>
        </list>
       </pattern>
      </node-spec>
      <node-spec id="5">
       <pattern>
        <list>
         <symbol>establish</symbol>
         <symbol>site</symbol>
         <symbol>control</symbol>
        </list>
       </pattern>
      </node-spec>
      <node-spec id="6">
       <pattern>
        <list>
         <symbol>establish</symbol>
         <symbol>vehicle</symbol>
         <symbol>restrictions</symbol>
        </list>
       </pattern>
      </node-spec>
      <node-spec id="7">
       <pattern>
        <list>
         <symbol>instigate</symbol>
         <symbol>air</symbol>
         <symbol>monitoring</symbol>
         <symbol>routine</symbol>
        </list>
       </pattern>
      </node-spec>
      <node-spec id="8">
       <pattern>
        <list>
         <symbol>develop</symbol>
         <symbol>site</symbol>
         <symbol>safety</symbol>
         <symbol>and</symbol>
         <symbol>health</symbol>
         <symbol>plan</symbol>
        </list>
       </pattern>
      </node-spec>
     </list>
    </nodes>
    <orderings>
     <list>
      <ordering>
       <from>
        <node-end-ref end="end" node="1" />
       </from>
       <to>
        <node-end-ref end="begin" node="2" />
       </to>
      </ordering>
      <ordering>
       <from>
        <node-end-ref end="end" node="2" />
       </from>
       <to>
        <node-end-ref end="begin" node="5" />
       </to>
      </ordering>
      <ordering>
       <from>
        <node-end-ref end="end" node="2" />
       </from>
       <to>
        <node-end-ref end="begin" node="4" />
       </to>
      </ordering>
      <ordering>
       <from>
        <node-end-ref end="end" node="2" />
       </from>
       <to>
        <node-end-ref end="begin" node="3" />
       </to>
      </ordering>
      <ordering>
       <from>
        <node-end-ref end="end" node="5" />
       </from>
       <to>
        <node-end-ref end="begin" node="8" />
       </to>
      </ordering>
      <ordering>
       <from>
        <node-end-ref end="end" node="5" />
       </from>
       <to>
        <node-end-ref end="begin" node="7" />
       </to>
      </ordering>
      <ordering>
       <from>
        <node-end-ref end="end" node="5" />
       </from>
       <to>
        <node-end-ref end="begin" node="6" />
       </to>
      </ordering>
     </list>
    </orderings>
    <issues>
     <list>
      <issue status="blank" priority="normal">
       <pattern>
        <list>
         <symbol>scale</symbol>
         <symbol>of</symbol>
         <symbol>spill?</symbol>
        </list>
       </pattern>
      </issue>
     </list>
    </issues>
    <comments>
     <string />
    </comments>
    <annotations>
     <map>
      <map-entry>
       <key>
        <string>canvasPositionGraph</string>
       </key>
       <value>
        <list>
         <node-position name="3" x="216.0" y="142.0" />
         <node-position name="5" x="250.0" y="235.0" />
         <node-position name="7" x="314.0" y="329.0" />
         <node-position name="2" x="182.0" y="95.0" />
         <node-position name="4" x="254.0" y="189.0" />
         <node-position name="8" x="384.0" y="378.0" />
         <node-position name="6" x="286.0" y="283.0" />
         <node-position name="1" x="187.0" y="43.0" />
        </list>
       </value>
      </map-entry>
     </map>
    </annotations>
   </refinement>
  </list>
 </refinements>
</domain>

