<?xml version="1.0" encoding="UTF-8"?>
<domain xmlns="http://www.aiai.ed.ac.uk/project/ix/">
 <name>
  <string>+</string>
 </name>
 <refinements>
  <list>
   <refinement>
    <name>
     <string>Remove Oil from Impacted Areas</string>
    </name>
    <pattern>
     <list>
      <symbol>Remove</symbol>
      <symbol>oil</symbol>
      <symbol>from</symbol>
      <symbol>impacted</symbol>
      <symbol>areas</symbol>
     </list>
    </pattern>
    <comments>
     <string />
    </comments>
   </refinement>
   <refinement>
    <name>
     <string>Control Source of Spill</string>
    </name>
    <pattern>
     <list>
      <symbol>Control</symbol>
      <symbol>source</symbol>
      <symbol>of</symbol>
      <symbol>the</symbol>
      <symbol>spill</symbol>
     </list>
    </pattern>
    <comments>
     <string />
    </comments>
   </refinement>
   <refinement>
    <name>
     <string>Oil Spill Response (General)</string>
    </name>
    <pattern>
     <list>
      <symbol>Respond</symbol>
      <symbol>to</symbol>
      <symbol>oil</symbol>
      <symbol>spill</symbol>
     </list>
    </pattern>
    <nodes>
     <list>
      <node-spec id="1">
       <pattern>
        <list>
         <symbol>Ensure</symbol>
         <symbol>safety</symbol>
         <symbol>of</symbol>
         <symbol>public</symbol>
         <symbol>and</symbol>
         <symbol>response</symbol>
         <symbol>personnel</symbol>
        </list>
       </pattern>
      </node-spec>
      <node-spec id="2">
       <pattern>
        <list>
         <symbol>Control</symbol>
         <symbol>source</symbol>
         <symbol>of</symbol>
         <symbol>spill</symbol>
        </list>
       </pattern>
      </node-spec>
      <node-spec id="3">
       <pattern>
        <list>
         <symbol>Manage</symbol>
         <symbol>coordinated</symbol>
         <symbol>response</symbol>
         <symbol>effort</symbol>
        </list>
       </pattern>
      </node-spec>
      <node-spec id="4">
       <pattern>
        <list>
         <symbol>Protect</symbol>
         <symbol>environmentally</symbol>
         <symbol>sensitive</symbol>
         <symbol>areas</symbol>
        </list>
       </pattern>
      </node-spec>
      <node-spec id="5">
       <pattern>
        <list>
         <symbol>Contain</symbol>
         <symbol>and</symbol>
         <symbol>recover</symbol>
         <symbol>spilled</symbol>
         <symbol>material</symbol>
        </list>
       </pattern>
      </node-spec>
      <node-spec id="6">
       <pattern>
        <list>
         <symbol>Recover</symbol>
         <symbol>and</symbol>
         <symbol>rehabilitate</symbol>
         <symbol>injured</symbol>
         <symbol>wildlife</symbol>
        </list>
       </pattern>
      </node-spec>
      <node-spec id="7">
       <pattern>
        <list>
         <symbol>Remove</symbol>
         <symbol>oil</symbol>
         <symbol>from</symbol>
         <symbol>impacted</symbol>
         <symbol>areas</symbol>
        </list>
       </pattern>
      </node-spec>
      <node-spec id="8">
       <pattern>
        <list>
         <symbol>Minimise</symbol>
         <symbol>economic</symbol>
         <symbol>impact</symbol>
        </list>
       </pattern>
      </node-spec>
      <node-spec id="9">
       <pattern>
        <list>
         <symbol>Keep</symbol>
         <symbol>stakeholders</symbol>
         <symbol>informed</symbol>
        </list>
       </pattern>
      </node-spec>
      <node-spec id="10">
       <pattern>
        <list>
         <symbol>Keep</symbol>
         <symbol>public</symbol>
         <symbol>informed</symbol>
        </list>
       </pattern>
      </node-spec>
     </list>
    </nodes>
    <orderings>
     <list>
      <ordering>
       <from>
        <node-end-ref end="end" node="1" />
       </from>
       <to>
        <node-end-ref end="begin" node="2" />
       </to>
      </ordering>
      <ordering>
       <from>
        <node-end-ref end="end" node="2" />
       </from>
       <to>
        <node-end-ref end="begin" node="3" />
       </to>
      </ordering>
      <ordering>
       <from>
        <node-end-ref end="end" node="3" />
       </from>
       <to>
        <node-end-ref end="begin" node="4" />
       </to>
      </ordering>
      <ordering>
       <from>
        <node-end-ref end="end" node="4" />
       </from>
       <to>
        <node-end-ref end="begin" node="5" />
       </to>
      </ordering>
      <ordering>
       <from>
        <node-end-ref end="end" node="5" />
       </from>
       <to>
        <node-end-ref end="begin" node="6" />
       </to>
      </ordering>
      <ordering>
       <from>
        <node-end-ref end="end" node="6" />
       </from>
       <to>
        <node-end-ref end="begin" node="7" />
       </to>
      </ordering>
      <ordering>
       <from>
        <node-end-ref end="end" node="7" />
       </from>
       <to>
        <node-end-ref end="begin" node="8" />
       </to>
      </ordering>
      <ordering>
       <from>
        <node-end-ref end="end" node="8" />
       </from>
       <to>
        <node-end-ref end="begin" node="9" />
       </to>
      </ordering>
      <ordering>
       <from>
        <node-end-ref end="end" node="9" />
       </from>
       <to>
        <node-end-ref end="begin" node="10" />
       </to>
      </ordering>
     </list>
    </orderings>
    <comments>
     <string />
    </comments>
   </refinement>
   <refinement>
    <name>
     <string>Maximise Protection of Environmentally Sensitive Areas</string>
    </name>
    <pattern>
     <list>
      <symbol>Protect</symbol>
      <symbol>environmentally</symbol>
      <symbol>sensitive</symbol>
      <symbol>areas</symbol>
     </list>
    </pattern>
    <comments>
     <string />
    </comments>
   </refinement>
   <refinement>
    <name>
     <string>Public and Personnel Safety</string>
    </name>
    <pattern>
     <list>
      <symbol>Ensure</symbol>
      <symbol>safety</symbol>
      <symbol>of</symbol>
      <symbol>public</symbol>
      <symbol>and</symbol>
      <symbol>response</symbol>
      <symbol>personnel</symbol>
     </list>
    </pattern>
    <nodes>
     <list>
      <node-spec id="1">
       <pattern>
        <list>
         <symbol>Identify</symbol>
         <symbol>hazards</symbol>
         <symbol>of</symbol>
         <symbol>spilled</symbol>
         <symbol>material</symbol>
        </list>
       </pattern>
      </node-spec>
      <node-spec id="2">
       <pattern>
        <list>
         <symbol>Establish</symbol>
         <symbol>site</symbol>
         <symbol>control</symbol>
        </list>
       </pattern>
      </node-spec>
      <node-spec id="3">
       <pattern>
        <list>
         <symbol>Consider</symbol>
         <symbol>evacuations</symbol>
        </list>
       </pattern>
      </node-spec>
      <node-spec id="4">
       <pattern>
        <list>
         <symbol>Establish</symbol>
         <symbol>vehicle</symbol>
         <symbol>retrictions</symbol>
        </list>
       </pattern>
      </node-spec>
      <node-spec id="5">
       <pattern>
        <list>
         <symbol>Monitor</symbol>
         <symbol>air</symbol>
         <symbol>in</symbol>
         <symbol>affected</symbol>
         <symbol>area</symbol>
        </list>
       </pattern>
      </node-spec>
      <node-spec id="6">
       <pattern>
        <list>
         <symbol>Develop</symbol>
         <symbol>site</symbol>
         <symbol>safety</symbol>
         <symbol>and</symbol>
         <symbol>health</symbol>
         <symbol>plan</symbol>
         <symbol>for</symbol>
         <symbol>response</symbol>
         <symbol>personnel</symbol>
        </list>
       </pattern>
      </node-spec>
      <node-spec id="7">
       <pattern>
        <list>
         <symbol>Conduct</symbol>
         <symbol>safety</symbol>
         <symbol>briefings</symbol>
        </list>
       </pattern>
      </node-spec>
     </list>
    </nodes>
    <orderings>
     <list>
      <ordering>
       <from>
        <node-end-ref end="end" node="1" />
       </from>
       <to>
        <node-end-ref end="begin" node="2" />
       </to>
      </ordering>
      <ordering>
       <from>
        <node-end-ref end="end" node="2" />
       </from>
       <to>
        <node-end-ref end="begin" node="3" />
       </to>
      </ordering>
      <ordering>
       <from>
        <node-end-ref end="end" node="3" />
       </from>
       <to>
        <node-end-ref end="begin" node="4" />
       </to>
      </ordering>
      <ordering>
       <from>
        <node-end-ref end="end" node="4" />
       </from>
       <to>
        <node-end-ref end="begin" node="5" />
       </to>
      </ordering>
      <ordering>
       <from>
        <node-end-ref end="end" node="5" />
       </from>
       <to>
        <node-end-ref end="begin" node="6" />
       </to>
      </ordering>
      <ordering>
       <from>
        <node-end-ref end="end" node="6" />
       </from>
       <to>
        <node-end-ref end="begin" node="7" />
       </to>
      </ordering>
     </list>
    </orderings>
    <comments>
     <string />
    </comments>
   </refinement>
   <refinement>
    <name>
     <string>Minimise Economic Impacts</string>
    </name>
    <pattern>
     <list>
      <symbol>Minimise</symbol>
      <symbol>economic</symbol>
      <symbol>impacts</symbol>
     </list>
    </pattern>
    <comments>
     <string />
    </comments>
   </refinement>
   <refinement>
    <name>
     <string>Keep Public Informed of Response Activities</string>
    </name>
    <pattern>
     <list>
      <symbol>Keep</symbol>
      <symbol>public</symbol>
      <symbol>informed</symbol>
     </list>
    </pattern>
    <comments>
     <string />
    </comments>
   </refinement>
   <refinement>
    <name>
     <string>Keep Stakeholders Informed of Response Activities</string>
    </name>
    <pattern>
     <list>
      <symbol>Keep</symbol>
      <symbol>stakeholders</symbol>
      <symbol>informed</symbol>
     </list>
    </pattern>
    <comments>
     <string />
    </comments>
   </refinement>
   <refinement>
    <name>
     <string>Recover and Rehabilitate Injured Wildlife</string>
    </name>
    <pattern>
     <list>
      <symbol>Recover</symbol>
      <symbol>and</symbol>
      <symbol>rehabilitate</symbol>
      <symbol>injured</symbol>
      <symbol>wildlife</symbol>
     </list>
    </pattern>
    <comments>
     <string />
    </comments>
   </refinement>
   <refinement>
    <name>
     <string>Contain and Recover Spilled Material</string>
    </name>
    <pattern>
     <list>
      <symbol>Contain</symbol>
      <symbol>and</symbol>
      <symbol>recover</symbol>
      <symbol>spilled</symbol>
      <symbol>material</symbol>
     </list>
    </pattern>
    <comments>
     <string />
    </comments>
   </refinement>
   <refinement>
    <name>
     <string>Manage Coordinated Response Effort</string>
    </name>
    <pattern>
     <list>
      <symbol>Manage</symbol>
      <symbol>coordinated</symbol>
      <symbol>response</symbol>
      <symbol>effort</symbol>
     </list>
    </pattern>
    <comments>
     <string />
    </comments>
   </refinement>
  </list>
 </refinements>
</domain>

