<?xml version="1.0" encoding="UTF-8"?>
<domain xmlns="http://www.aiai.ed.ac.uk/project/ix/">
 <refinements>
  <list>
   <refinement>
    <name>
     <string>Instigate Oil Spill Response (General)</string>
    </name>
    <pattern>
     <list>
      <symbol>instigate</symbol>
      <symbol>oil</symbol>
      <symbol>spill</symbol>
      <symbol>response</symbol>
     </list>
    </pattern>
    <nodes>
     <list>
      <node-spec id="1">
       <pattern>
        <list>
         <symbol>initiate</symbol>
         <symbol>and</symbol>
         <symbol>test</symbol>
         <symbol>comms</symbol>
         <symbol>infrastructure</symbol>
        </list>
       </pattern>
      </node-spec>
      <node-spec id="2">
       <pattern>
        <list>
         <symbol>gain</symbol>
         <symbol>agreement</symbol>
         <symbol>on</symbol>
         <symbol>command/reporting</symbol>
         <symbol>protocols</symbol>
        </list>
       </pattern>
      </node-spec>
      <node-spec id="3">
       <pattern>
        <list>
         <symbol>initiate</symbol>
         <symbol>Operations</symbol>
         <symbol>Section</symbol>
         <symbol>response</symbol>
        </list>
       </pattern>
      </node-spec>
      <node-spec id="4">
       <pattern>
        <list>
         <symbol>deploy</symbol>
         <symbol>Emergency</symbol>
         <symbol>Response</symbol>
         <symbol>team</symbol>
        </list>
       </pattern>
      </node-spec>
      <node-spec id="5">
       <pattern>
        <list>
         <symbol>assess</symbol>
         <symbol>scale</symbol>
         <symbol>of</symbol>
         <symbol>incident</symbol>
        </list>
       </pattern>
      </node-spec>
      <node-spec id="6">
       <pattern>
        <list>
         <symbol>notify</symbol>
         <symbol>all</symbol>
         <symbol>relevant</symbol>
         <symbol>authorities</symbol>
        </list>
       </pattern>
      </node-spec>
      <node-spec id="7">
       <pattern>
        <list>
         <symbol>establish</symbol>
         <symbol>next</symbol>
         <symbol>phase</symbol>
         <symbol>objectives</symbol>
        </list>
       </pattern>
      </node-spec>
     </list>
    </nodes>
    <orderings>
     <list>
      <ordering>
       <from>
        <node-end-ref end="end" node="1" />
       </from>
       <to>
        <node-end-ref end="begin" node="3" />
       </to>
      </ordering>
      <ordering>
       <from>
        <node-end-ref end="end" node="2" />
       </from>
       <to>
        <node-end-ref end="begin" node="3" />
       </to>
      </ordering>
      <ordering>
       <from>
        <node-end-ref end="end" node="2" />
       </from>
       <to>
        <node-end-ref end="begin" node="4" />
       </to>
      </ordering>
      <ordering>
       <from>
        <node-end-ref end="end" node="1" />
       </from>
       <to>
        <node-end-ref end="begin" node="4" />
       </to>
      </ordering>
     </list>
    </orderings>
    <comments>
     <string />
    </comments>
   </refinement>
  </list>
 </refinements>
</domain>

