<?xml version="1.0" encoding="UTF-8"?>
<domain xmlns="http://www.aiai.ed.ac.uk/project/ix/">
 <name>
  <string />
 </name>
 <refinements>
  <list>
   <refinement>
    <name>
     <string>Get latest weather report</string>
    </name>
    <pattern>
     <list>
      <symbol>get</symbol>
      <symbol>local</symbol>
      <symbol>weather</symbol>
     </list>
    </pattern>
    <variable-declarations>
     <list>
      <variable-declaration name="?code" />
      <variable-declaration name="?location" />
     </list>
    </variable-declarations>
    <nodes>
     <list>
      <node-spec id="1">
       <pattern>
        <list>
         <symbol>get-weather-station</symbol>
         <item-var>?location</item-var>
        </list>
       </pattern>
      </node-spec>
      <node-spec id="2">
       <pattern>
        <list>
         <symbol>get-weather-report</symbol>
         <item-var>?code</item-var>
        </list>
       </pattern>
      </node-spec>
     </list>
    </nodes>
    <orderings>
     <list>
      <ordering>
       <from>
        <node-end-ref end="end" node="1" />
       </from>
       <to>
        <node-end-ref end="begin" node="2" />
       </to>
      </ordering>
     </list>
    </orderings>
    <annotations>
     <map>
      <map-entry>
       <key>
        <symbol>comments</symbol>
       </key>
       <value>
        <string />
       </value>
      </map-entry>
     </map>
    </annotations>
   </refinement>
  </list>
 </refinements>
</domain>

