<?xml version="1.0" encoding="UTF-8"?>
<plan xmlns="http://www.aiai.ed.ac.uk/project/ix/">
 <plan-nodes>
  <list>
   <plan-node id="node-0">
    <activity>
     <activity status="possible" priority="normal">
      <pattern>
       <list>
        <symbol>respond-to</symbol>
        <symbol>EE1</symbol>
       </list>
      </pattern>
     </activity>
    </activity>
   </plan-node>
  </list>
 </plan-nodes>
 <world-state>
  <list>
   <pattern-assignment>
    <pattern>
     <list>
      <symbol>population</symbol>
      <symbol>Abyss</symbol>
     </list>
    </pattern>
    <value>
     <long>200</long>
    </value>
   </pattern-assignment>
   <pattern-assignment>
    <pattern>
     <list>
      <symbol>type</symbol>
      <symbol>Abyss</symbol>
     </list>
    </pattern>
    <value>
     <symbol>City</symbol>
    </value>
   </pattern-assignment>
   <pattern-assignment>
    <pattern>
     <list>
      <symbol>population</symbol>
      <symbol>Barnacle</symbol>
     </list>
    </pattern>
    <value>
     <long>450</long>
    </value>
   </pattern-assignment>
   <pattern-assignment>
    <pattern>
     <list>
      <symbol>type</symbol>
      <symbol>Barnacle</symbol>
     </list>
    </pattern>
    <value>
     <symbol>City</symbol>
    </value>
   </pattern-assignment>
   <pattern-assignment>
    <pattern>
     <list>
      <symbol>population</symbol>
      <symbol>Calypso</symbol>
     </list>
    </pattern>
    <value>
     <long>3000</long>
    </value>
   </pattern-assignment>
   <pattern-assignment>
    <pattern>
     <list>
      <symbol>type</symbol>
      <symbol>Calypso</symbol>
     </list>
    </pattern>
    <value>
     <symbol>City</symbol>
    </value>
   </pattern-assignment>
   <pattern-assignment>
    <pattern>
     <list>
      <symbol>population</symbol>
      <symbol>Delta</symbol>
     </list>
    </pattern>
    <value>
     <long>500</long>
    </value>
   </pattern-assignment>
   <pattern-assignment>
    <pattern>
     <list>
      <symbol>type</symbol>
      <symbol>Delta</symbol>
     </list>
    </pattern>
    <value>
     <symbol>City</symbol>
    </value>
   </pattern-assignment>
   <pattern-assignment>
    <pattern>
     <list>
      <symbol>population</symbol>
      <symbol>Exodus</symbol>
     </list>
    </pattern>
    <value>
     <long>100</long>
    </value>
   </pattern-assignment>
   <pattern-assignment>
    <pattern>
     <list>
      <symbol>type</symbol>
      <symbol>Exodus</symbol>
     </list>
    </pattern>
    <value>
     <symbol>City</symbol>
    </value>
   </pattern-assignment>
   <pattern-assignment>
    <pattern>
     <list>
      <symbol>emergencyType</symbol>
      <symbol>ME1</symbol>
     </list>
    </pattern>
    <value>
     <symbol>Medical</symbol>
    </value>
   </pattern-assignment>
   <pattern-assignment>
    <pattern>
     <list>
      <symbol>emergencyType</symbol>
      <symbol>MT1</symbol>
     </list>
    </pattern>
    <value>
     <symbol>Medical</symbol>
    </value>
   </pattern-assignment>
   <pattern-assignment>
    <pattern>
     <list>
      <symbol>location</symbol>
      <symbol>ME1</symbol>
     </list>
    </pattern>
    <value>
     <symbol>Delta</symbol>
    </value>
   </pattern-assignment>
   <pattern-assignment>
    <pattern>
     <list>
      <symbol>location</symbol>
      <symbol>MT1</symbol>
     </list>
    </pattern>
    <value>
     <symbol>Delta</symbol>
    </value>
   </pattern-assignment>
   <pattern-assignment>
    <pattern>
     <list>
      <symbol>needsEquipment</symbol>
      <symbol>MT1</symbol>
     </list>
    </pattern>
    <value>
     <symbol>true</symbol>
    </value>
   </pattern-assignment>
   <pattern-assignment>
    <pattern>
     <list>
      <symbol>needsSupplies</symbol>
      <symbol>MT1</symbol>
     </list>
    </pattern>
    <value>
     <symbol>false</symbol>
    </value>
   </pattern-assignment>
   <pattern-assignment>
    <pattern>
     <list>
      <symbol>number</symbol>
      <symbol>ME1</symbol>
     </list>
    </pattern>
    <value>
     <long>1</long>
    </value>
   </pattern-assignment>
   <pattern-assignment>
    <pattern>
     <list>
      <symbol>number</symbol>
      <symbol>MT1</symbol>
     </list>
    </pattern>
    <value>
     <long>1</long>
    </value>
   </pattern-assignment>
   <pattern-assignment>
    <pattern>
     <list>
      <symbol>role</symbol>
      <symbol>ME1</symbol>
     </list>
    </pattern>
    <value>
     <symbol>Equipment</symbol>
    </value>
   </pattern-assignment>
   <pattern-assignment>
    <pattern>
     <list>
      <symbol>role</symbol>
      <symbol>MT1</symbol>
     </list>
    </pattern>
    <value>
     <symbol>Team</symbol>
    </value>
   </pattern-assignment>
   <pattern-assignment>
    <pattern>
     <list>
      <symbol>type</symbol>
      <symbol>ME1</symbol>
     </list>
    </pattern>
    <value>
     <symbol>MedicalEquipment</symbol>
    </value>
   </pattern-assignment>
   <pattern-assignment>
    <pattern>
     <list>
      <symbol>type</symbol>
      <symbol>MT1</symbol>
     </list>
    </pattern>
    <value>
     <symbol>MedicalTeam</symbol>
    </value>
   </pattern-assignment>
   <pattern-assignment>
    <pattern>
     <list>
      <symbol>emergencyType</symbol>
      <symbol>ME2</symbol>
     </list>
    </pattern>
    <value>
     <symbol>Medical</symbol>
    </value>
   </pattern-assignment>
   <pattern-assignment>
    <pattern>
     <list>
      <symbol>emergencyType</symbol>
      <symbol>MT2</symbol>
     </list>
    </pattern>
    <value>
     <symbol>Medical</symbol>
    </value>
   </pattern-assignment>
   <pattern-assignment>
    <pattern>
     <list>
      <symbol>location</symbol>
      <symbol>ME2</symbol>
     </list>
    </pattern>
    <value>
     <symbol>Delta</symbol>
    </value>
   </pattern-assignment>
   <pattern-assignment>
    <pattern>
     <list>
      <symbol>location</symbol>
      <symbol>MT2</symbol>
     </list>
    </pattern>
    <value>
     <symbol>Delta</symbol>
    </value>
   </pattern-assignment>
   <pattern-assignment>
    <pattern>
     <list>
      <symbol>needsEquipment</symbol>
      <symbol>MT2</symbol>
     </list>
    </pattern>
    <value>
     <symbol>true</symbol>
    </value>
   </pattern-assignment>
   <pattern-assignment>
    <pattern>
     <list>
      <symbol>needsSupplies</symbol>
      <symbol>MT2</symbol>
     </list>
    </pattern>
    <value>
     <symbol>false</symbol>
    </value>
   </pattern-assignment>
   <pattern-assignment>
    <pattern>
     <list>
      <symbol>number</symbol>
      <symbol>ME2</symbol>
     </list>
    </pattern>
    <value>
     <long>1</long>
    </value>
   </pattern-assignment>
   <pattern-assignment>
    <pattern>
     <list>
      <symbol>number</symbol>
      <symbol>MT2</symbol>
     </list>
    </pattern>
    <value>
     <long>1</long>
    </value>
   </pattern-assignment>
   <pattern-assignment>
    <pattern>
     <list>
      <symbol>role</symbol>
      <symbol>ME2</symbol>
     </list>
    </pattern>
    <value>
     <symbol>Equipment</symbol>
    </value>
   </pattern-assignment>
   <pattern-assignment>
    <pattern>
     <list>
      <symbol>role</symbol>
      <symbol>MT2</symbol>
     </list>
    </pattern>
    <value>
     <symbol>Team</symbol>
    </value>
   </pattern-assignment>
   <pattern-assignment>
    <pattern>
     <list>
      <symbol>type</symbol>
      <symbol>ME2</symbol>
     </list>
    </pattern>
    <value>
     <symbol>MedicalEquipment</symbol>
    </value>
   </pattern-assignment>
   <pattern-assignment>
    <pattern>
     <list>
      <symbol>type</symbol>
      <symbol>MT2</symbol>
     </list>
    </pattern>
    <value>
     <symbol>MedicalTeam</symbol>
    </value>
   </pattern-assignment>
   <pattern-assignment>
    <pattern>
     <list>
      <symbol>emergencyType</symbol>
      <symbol>ME3</symbol>
     </list>
    </pattern>
    <value>
     <symbol>Medical</symbol>
    </value>
   </pattern-assignment>
   <pattern-assignment>
    <pattern>
     <list>
      <symbol>emergencyType</symbol>
      <symbol>MT3</symbol>
     </list>
    </pattern>
    <value>
     <symbol>Medical</symbol>
    </value>
   </pattern-assignment>
   <pattern-assignment>
    <pattern>
     <list>
      <symbol>location</symbol>
      <symbol>ME3</symbol>
     </list>
    </pattern>
    <value>
     <symbol>Delta</symbol>
    </value>
   </pattern-assignment>
   <pattern-assignment>
    <pattern>
     <list>
      <symbol>location</symbol>
      <symbol>MT3</symbol>
     </list>
    </pattern>
    <value>
     <symbol>Delta</symbol>
    </value>
   </pattern-assignment>
   <pattern-assignment>
    <pattern>
     <list>
      <symbol>needsEquipment</symbol>
      <symbol>MT3</symbol>
     </list>
    </pattern>
    <value>
     <symbol>true</symbol>
    </value>
   </pattern-assignment>
   <pattern-assignment>
    <pattern>
     <list>
      <symbol>needsSupplies</symbol>
      <symbol>MT3</symbol>
     </list>
    </pattern>
    <value>
     <symbol>false</symbol>
    </value>
   </pattern-assignment>
   <pattern-assignment>
    <pattern>
     <list>
      <symbol>number</symbol>
      <symbol>ME3</symbol>
     </list>
    </pattern>
    <value>
     <long>1</long>
    </value>
   </pattern-assignment>
   <pattern-assignment>
    <pattern>
     <list>
      <symbol>number</symbol>
      <symbol>MT3</symbol>
     </list>
    </pattern>
    <value>
     <long>1</long>
    </value>
   </pattern-assignment>
   <pattern-assignment>
    <pattern>
     <list>
      <symbol>role</symbol>
      <symbol>ME3</symbol>
     </list>
    </pattern>
    <value>
     <symbol>Equipment</symbol>
    </value>
   </pattern-assignment>
   <pattern-assignment>
    <pattern>
     <list>
      <symbol>role</symbol>
      <symbol>MT3</symbol>
     </list>
    </pattern>
    <value>
     <symbol>Team</symbol>
    </value>
   </pattern-assignment>
   <pattern-assignment>
    <pattern>
     <list>
      <symbol>type</symbol>
      <symbol>ME3</symbol>
     </list>
    </pattern>
    <value>
     <symbol>MedicalEquipment</symbol>
    </value>
   </pattern-assignment>
   <pattern-assignment>
    <pattern>
     <list>
      <symbol>type</symbol>
      <symbol>MT3</symbol>
     </list>
    </pattern>
    <value>
     <symbol>MedicalTeam</symbol>
    </value>
   </pattern-assignment>
   <pattern-assignment>
    <pattern>
     <list>
      <symbol>emergencyType</symbol>
      <symbol>ET1</symbol>
     </list>
    </pattern>
    <value>
     <symbol>Evacuation</symbol>
    </value>
   </pattern-assignment>
   <pattern-assignment>
    <pattern>
     <list>
      <symbol>location</symbol>
      <symbol>ET1</symbol>
     </list>
    </pattern>
    <value>
     <symbol>Delta</symbol>
    </value>
   </pattern-assignment>
   <pattern-assignment>
    <pattern>
     <list>
      <symbol>needsEquipment</symbol>
      <symbol>ET1</symbol>
     </list>
    </pattern>
    <value>
     <symbol>false</symbol>
    </value>
   </pattern-assignment>
   <pattern-assignment>
    <pattern>
     <list>
      <symbol>needsSupplies</symbol>
      <symbol>ET1</symbol>
     </list>
    </pattern>
    <value>
     <symbol>false</symbol>
    </value>
   </pattern-assignment>
   <pattern-assignment>
    <pattern>
     <list>
      <symbol>number</symbol>
      <symbol>ET1</symbol>
     </list>
    </pattern>
    <value>
     <long>1</long>
    </value>
   </pattern-assignment>
   <pattern-assignment>
    <pattern>
     <list>
      <symbol>role</symbol>
      <symbol>ET1</symbol>
     </list>
    </pattern>
    <value>
     <symbol>Team</symbol>
    </value>
   </pattern-assignment>
   <pattern-assignment>
    <pattern>
     <list>
      <symbol>type</symbol>
      <symbol>ET1</symbol>
     </list>
    </pattern>
    <value>
     <symbol>EvacuationTeam</symbol>
    </value>
   </pattern-assignment>
   <pattern-assignment>
    <pattern>
     <list>
      <symbol>emergencyType</symbol>
      <symbol>ET2</symbol>
     </list>
    </pattern>
    <value>
     <symbol>Evacuation</symbol>
    </value>
   </pattern-assignment>
   <pattern-assignment>
    <pattern>
     <list>
      <symbol>location</symbol>
      <symbol>ET2</symbol>
     </list>
    </pattern>
    <value>
     <symbol>Delta</symbol>
    </value>
   </pattern-assignment>
   <pattern-assignment>
    <pattern>
     <list>
      <symbol>needsEquipment</symbol>
      <symbol>ET2</symbol>
     </list>
    </pattern>
    <value>
     <symbol>false</symbol>
    </value>
   </pattern-assignment>
   <pattern-assignment>
    <pattern>
     <list>
      <symbol>needsSupplies</symbol>
      <symbol>ET2</symbol>
     </list>
    </pattern>
    <value>
     <symbol>false</symbol>
    </value>
   </pattern-assignment>
   <pattern-assignment>
    <pattern>
     <list>
      <symbol>number</symbol>
      <symbol>ET2</symbol>
     </list>
    </pattern>
    <value>
     <long>1</long>
    </value>
   </pattern-assignment>
   <pattern-assignment>
    <pattern>
     <list>
      <symbol>role</symbol>
      <symbol>ET2</symbol>
     </list>
    </pattern>
    <value>
     <symbol>Team</symbol>
    </value>
   </pattern-assignment>
   <pattern-assignment>
    <pattern>
     <list>
      <symbol>type</symbol>
      <symbol>ET2</symbol>
     </list>
    </pattern>
    <value>
     <symbol>EvacuationTeam</symbol>
    </value>
   </pattern-assignment>
   <pattern-assignment>
    <pattern>
     <list>
      <symbol>available</symbol>
      <symbol>MT4</symbol>
     </list>
    </pattern>
    <value>
     <symbol>true</symbol>
    </value>
   </pattern-assignment>
   <pattern-assignment>
    <pattern>
     <list>
      <symbol>emergencyType</symbol>
      <symbol>MT4</symbol>
     </list>
    </pattern>
    <value>
     <symbol>Medical</symbol>
    </value>
   </pattern-assignment>
   <pattern-assignment>
    <pattern>
     <list>
      <symbol>location</symbol>
      <symbol>MT4</symbol>
     </list>
    </pattern>
    <value>
     <symbol>Delta</symbol>
    </value>
   </pattern-assignment>
   <pattern-assignment>
    <pattern>
     <list>
      <symbol>number</symbol>
      <symbol>MT4</symbol>
     </list>
    </pattern>
    <value>
     <long>1</long>
    </value>
   </pattern-assignment>
   <pattern-assignment>
    <pattern>
     <list>
      <symbol>type</symbol>
      <symbol>MT4</symbol>
     </list>
    </pattern>
    <value>
     <symbol>MedicalSupplies</symbol>
    </value>
   </pattern-assignment>
   <pattern-assignment>
    <pattern>
     <list>
      <symbol>available</symbol>
      <symbol>EF1</symbol>
     </list>
    </pattern>
    <value>
     <symbol>true</symbol>
    </value>
   </pattern-assignment>
   <pattern-assignment>
    <pattern>
     <list>
      <symbol>emergencyType</symbol>
      <symbol>EF1</symbol>
     </list>
    </pattern>
    <value>
     <symbol>Food</symbol>
    </value>
   </pattern-assignment>
   <pattern-assignment>
    <pattern>
     <list>
      <symbol>location</symbol>
      <symbol>EF1</symbol>
     </list>
    </pattern>
    <value>
     <symbol>Delta</symbol>
    </value>
   </pattern-assignment>
   <pattern-assignment>
    <pattern>
     <list>
      <symbol>number</symbol>
      <symbol>EF1</symbol>
     </list>
    </pattern>
    <value>
     <long>1</long>
    </value>
   </pattern-assignment>
   <pattern-assignment>
    <pattern>
     <list>
      <symbol>type</symbol>
      <symbol>EF1</symbol>
     </list>
    </pattern>
    <value>
     <symbol>EmergencyFood</symbol>
    </value>
   </pattern-assignment>
   <pattern-assignment>
    <pattern>
     <list>
      <symbol>available</symbol>
      <symbol>EF3</symbol>
     </list>
    </pattern>
    <value>
     <symbol>true</symbol>
    </value>
   </pattern-assignment>
   <pattern-assignment>
    <pattern>
     <list>
      <symbol>emergencyType</symbol>
      <symbol>EF3</symbol>
     </list>
    </pattern>
    <value>
     <symbol>Food</symbol>
    </value>
   </pattern-assignment>
   <pattern-assignment>
    <pattern>
     <list>
      <symbol>location</symbol>
      <symbol>EF3</symbol>
     </list>
    </pattern>
    <value>
     <symbol>Delta</symbol>
    </value>
   </pattern-assignment>
   <pattern-assignment>
    <pattern>
     <list>
      <symbol>number</symbol>
      <symbol>EF3</symbol>
     </list>
    </pattern>
    <value>
     <long>1</long>
    </value>
   </pattern-assignment>
   <pattern-assignment>
    <pattern>
     <list>
      <symbol>type</symbol>
      <symbol>EF3</symbol>
     </list>
    </pattern>
    <value>
     <symbol>EmergencyFood</symbol>
    </value>
   </pattern-assignment>
   <pattern-assignment>
    <pattern>
     <list>
      <symbol>available</symbol>
      <symbol>EF4</symbol>
     </list>
    </pattern>
    <value>
     <symbol>true</symbol>
    </value>
   </pattern-assignment>
   <pattern-assignment>
    <pattern>
     <list>
      <symbol>emergencyType</symbol>
      <symbol>EF4</symbol>
     </list>
    </pattern>
    <value>
     <symbol>Food</symbol>
    </value>
   </pattern-assignment>
   <pattern-assignment>
    <pattern>
     <list>
      <symbol>location</symbol>
      <symbol>EF4</symbol>
     </list>
    </pattern>
    <value>
     <symbol>Delta</symbol>
    </value>
   </pattern-assignment>
   <pattern-assignment>
    <pattern>
     <list>
      <symbol>number</symbol>
      <symbol>EF4</symbol>
     </list>
    </pattern>
    <value>
     <long>1</long>
    </value>
   </pattern-assignment>
   <pattern-assignment>
    <pattern>
     <list>
      <symbol>type</symbol>
      <symbol>EF4</symbol>
     </list>
    </pattern>
    <value>
     <symbol>EmergencyFood</symbol>
    </value>
   </pattern-assignment>
   <pattern-assignment>
    <pattern>
     <list>
      <symbol>build</symbol>
      <symbol>EE1</symbol>
     </list>
    </pattern>
    <value>
     <long>0</long>
    </value>
   </pattern-assignment>
   <pattern-assignment>
    <pattern>
     <list>
      <symbol>crisis</symbol>
      <symbol>EE1</symbol>
     </list>
    </pattern>
    <value>
     <symbol>false</symbol>
    </value>
   </pattern-assignment>
   <pattern-assignment>
    <pattern>
     <list>
      <symbol>evacuate</symbol>
      <symbol>EE1</symbol>
     </list>
    </pattern>
    <value>
     <symbol>false</symbol>
    </value>
   </pattern-assignment>
   <pattern-assignment>
    <pattern>
     <list>
      <symbol>food</symbol>
      <symbol>EE1</symbol>
     </list>
    </pattern>
    <value>
     <long>0</long>
    </value>
   </pattern-assignment>
   <pattern-assignment>
    <pattern>
     <list>
      <symbol>injured</symbol>
      <symbol>EE1</symbol>
     </list>
    </pattern>
    <value>
     <long>5</long>
    </value>
   </pattern-assignment>
   <pattern-assignment>
    <pattern>
     <list>
      <symbol>location</symbol>
      <symbol>EE1</symbol>
     </list>
    </pattern>
    <value>
     <symbol>Calypso</symbol>
    </value>
   </pattern-assignment>
   <pattern-assignment>
    <pattern>
     <list>
      <symbol>medicalSupplies</symbol>
      <symbol>EE1</symbol>
     </list>
    </pattern>
    <value>
     <long>0</long>
    </value>
   </pattern-assignment>
   <pattern-assignment>
    <pattern>
     <list>
      <symbol>repair</symbol>
      <symbol>EE1</symbol>
     </list>
    </pattern>
    <value>
     <symbol>false</symbol>
    </value>
   </pattern-assignment>
   <pattern-assignment>
    <pattern>
     <list>
      <symbol>response-build</symbol>
      <symbol>EE1</symbol>
     </list>
    </pattern>
    <value>
     <symbol>false</symbol>
    </value>
   </pattern-assignment>
   <pattern-assignment>
    <pattern>
     <list>
      <symbol>response-crisis</symbol>
      <symbol>EE1</symbol>
     </list>
    </pattern>
    <value>
     <symbol>false</symbol>
    </value>
   </pattern-assignment>
   <pattern-assignment>
    <pattern>
     <list>
      <symbol>response-evacuate</symbol>
      <symbol>EE1</symbol>
     </list>
    </pattern>
    <value>
     <symbol>false</symbol>
    </value>
   </pattern-assignment>
   <pattern-assignment>
    <pattern>
     <list>
      <symbol>response-food</symbol>
      <symbol>EE1</symbol>
     </list>
    </pattern>
    <value>
     <symbol>false</symbol>
    </value>
   </pattern-assignment>
   <pattern-assignment>
    <pattern>
     <list>
      <symbol>response-injured</symbol>
      <symbol>EE1</symbol>
     </list>
    </pattern>
    <value>
     <symbol>false</symbol>
    </value>
   </pattern-assignment>
   <pattern-assignment>
    <pattern>
     <list>
      <symbol>response-medical</symbol>
      <symbol>EE1</symbol>
     </list>
    </pattern>
    <value>
     <symbol>false</symbol>
    </value>
   </pattern-assignment>
   <pattern-assignment>
    <pattern>
     <list>
      <symbol>response-repair</symbol>
      <symbol>EE1</symbol>
     </list>
    </pattern>
    <value>
     <symbol>false</symbol>
    </value>
   </pattern-assignment>
   <pattern-assignment>
    <pattern>
     <list>
      <symbol>type</symbol>
      <symbol>EE1</symbol>
     </list>
    </pattern>
    <value>
     <symbol>Emergency</symbol>
    </value>
   </pattern-assignment>
  </list>
 </world-state>
</plan>

