<?xml version="1.0" encoding="UTF-8"?>
<domain xmlns="http://www.aiai.ed.ac.uk/project/ix/">
 <refinements>
  <list>
   <refinement>
    <name>
     <string>move-object</string>
    </name>
    <pattern>
     <list>
      <symbol>move</symbol>
      <item-var>?object</item-var>
      <item-var>?to-long</item-var>
      <item-var>?to-lat</item-var>
     </list>
    </pattern>
    <variable-declarations>
     <list>
      <variable-declaration name="?from-lat" />
      <variable-declaration name="?from-long" />
      <variable-declaration name="?object" />
      <variable-declaration name="?to-lat" />
      <variable-declaration name="?to-long" />
      <variable-declaration name="?vehicle" />
     </list>
    </variable-declarations>
    <nodes>
     <list>
      <node-spec id="1">
       <pattern>
        <list>
         <symbol>select-transport-at</symbol>
         <item-var>?object</item-var>
         <item-var>?vehicle</item-var>
         <item-var>?from-long</item-var>
         <item-var>?from-lat</item-var>
        </list>
       </pattern>
      </node-spec>
      <node-spec id="2">
       <pattern>
        <list>
         <symbol>load</symbol>
         <item-var>?vehicle</item-var>
         <item-var>?object</item-var>
        </list>
       </pattern>
      </node-spec>
      <node-spec id="3">
       <pattern>
        <list>
         <symbol>travel</symbol>
         <item-var>?vehicle</item-var>
         <item-var>?to-long</item-var>
         <item-var>?to-lat</item-var>
        </list>
       </pattern>
      </node-spec>
      <node-spec id="4">
       <pattern>
        <list>
         <symbol>unload</symbol>
         <item-var>?vehicle</item-var>
         <item-var>?object</item-var>
        </list>
       </pattern>
      </node-spec>
     </list>
    </nodes>
    <orderings>
     <list>
      <ordering>
       <from>
        <node-end-ref end="end" node="1" />
       </from>
       <to>
        <node-end-ref end="begin" node="2" />
       </to>
      </ordering>
      <ordering>
       <from>
        <node-end-ref end="end" node="2" />
       </from>
       <to>
        <node-end-ref end="begin" node="3" />
       </to>
      </ordering>
      <ordering>
       <from>
        <node-end-ref end="end" node="3" />
       </from>
       <to>
        <node-end-ref end="begin" node="4" />
       </to>
      </ordering>
     </list>
    </orderings>
    <constraints>
     <list>
      <constraint type="world-state" relation="condition">
       <parameters>
        <list>
         <pattern-assignment>
          <pattern>
           <list>
            <symbol>latitude</symbol>
            <item-var>?object</item-var>
           </list>
          </pattern>
          <value>
           <item-var>?from-lat</item-var>
          </value>
         </pattern-assignment>
        </list>
       </parameters>
      </constraint>
      <constraint type="world-state" relation="condition">
       <parameters>
        <list>
         <pattern-assignment>
          <pattern>
           <list>
            <symbol>longitude</symbol>
            <item-var>?object</item-var>
           </list>
          </pattern>
          <value>
           <item-var>?from-long</item-var>
          </value>
         </pattern-assignment>
        </list>
       </parameters>
      </constraint>
      <constraint type="world-state" relation="effect">
       <parameters>
        <list>
         <pattern-assignment>
          <pattern>
           <list>
            <symbol>latitude</symbol>
            <item-var>?object</item-var>
           </list>
          </pattern>
          <value>
           <item-var>?to-lat</item-var>
          </value>
         </pattern-assignment>
        </list>
       </parameters>
      </constraint>
      <constraint type="world-state" relation="effect">
       <parameters>
        <list>
         <pattern-assignment>
          <pattern>
           <list>
            <symbol>longitude</symbol>
            <item-var>?object</item-var>
           </list>
          </pattern>
          <value>
           <item-var>?to-long</item-var>
          </value>
         </pattern-assignment>
        </list>
       </parameters>
      </constraint>
     </list>
    </constraints>
    <annotations>
     <map>
      <map-entry>
       <key>
        <symbol>comments</symbol>
       </key>
       <value>
        <string />
       </value>
      </map-entry>
     </map>
    </annotations>
   </refinement>
   <refinement>
    <name>
     <string>load-object-onto-vehicle</string>
    </name>
    <pattern>
     <list>
      <symbol>load</symbol>
      <item-var>?vehicle</item-var>
      <item-var>?object</item-var>
     </list>
    </pattern>
    <variable-declarations>
     <list>
      <variable-declaration name="?object" />
      <variable-declaration name="?vehicle" />
     </list>
    </variable-declarations>
    <constraints>
     <list>
      <constraint type="world-state" relation="condition">
       <parameters>
        <list>
         <pattern-assignment>
          <pattern>
           <list>
            <symbol>transport-assignment</symbol>
            <item-var>?vehicle</item-var>
           </list>
          </pattern>
          <value>
           <item-var>?object</item-var>
          </value>
         </pattern-assignment>
        </list>
       </parameters>
      </constraint>
     </list>
    </constraints>
    <annotations>
     <map>
      <map-entry>
       <key>
        <symbol>comments</symbol>
       </key>
       <value>
        <string />
       </value>
      </map-entry>
     </map>
    </annotations>
   </refinement>
   <refinement>
    <name>
     <string>travel</string>
    </name>
    <pattern>
     <list>
      <symbol>travel</symbol>
      <item-var>?vehicle</item-var>
      <item-var>?to-long</item-var>
      <item-var>?to-lat</item-var>
     </list>
    </pattern>
    <variable-declarations>
     <list>
      <variable-declaration name="?to-lat" />
      <variable-declaration name="?to-long" />
      <variable-declaration name="?vehicle" />
     </list>
    </variable-declarations>
    <constraints>
     <list>
      <constraint type="world-state" relation="effect">
       <parameters>
        <list>
         <pattern-assignment>
          <pattern>
           <list>
            <symbol>latitude</symbol>
            <item-var>?vehicle</item-var>
           </list>
          </pattern>
          <value>
           <item-var>?to-lat</item-var>
          </value>
         </pattern-assignment>
        </list>
       </parameters>
      </constraint>
      <constraint type="world-state" relation="effect">
       <parameters>
        <list>
         <pattern-assignment>
          <pattern>
           <list>
            <symbol>longitude</symbol>
            <item-var>?vehicle</item-var>
           </list>
          </pattern>
          <value>
           <item-var>?to-long</item-var>
          </value>
         </pattern-assignment>
        </list>
       </parameters>
      </constraint>
     </list>
    </constraints>
    <annotations>
     <map>
      <map-entry>
       <key>
        <symbol>comments</symbol>
       </key>
       <value>
        <string />
       </value>
      </map-entry>
     </map>
    </annotations>
   </refinement>
   <refinement>
    <name>
     <string>consider-thing</string>
    </name>
    <pattern>
     <list>
      <symbol>consider</symbol>
      <item-var>?x</item-var>
     </list>
    </pattern>
    <variable-declarations>
     <list>
      <variable-declaration name="?x" />
     </list>
    </variable-declarations>
    <nodes>
     <list>
      <node-spec id="1">
       <pattern>
        <list>
         <symbol>do</symbol>
         <item-var>?x</item-var>
         <symbol>part-1</symbol>
        </list>
       </pattern>
      </node-spec>
      <node-spec id="2">
       <pattern>
        <list>
         <symbol>do</symbol>
         <item-var>?x</item-var>
         <symbol>part-2</symbol>
        </list>
       </pattern>
      </node-spec>
      <node-spec id="3">
       <pattern>
        <list>
         <symbol>do</symbol>
         <item-var>?x</item-var>
         <symbol>part-3</symbol>
        </list>
       </pattern>
      </node-spec>
      <node-spec id="4">
       <pattern>
        <list>
         <symbol>do</symbol>
         <item-var>?x</item-var>
         <symbol>part-4</symbol>
        </list>
       </pattern>
      </node-spec>
     </list>
    </nodes>
    <orderings>
     <list>
      <ordering>
       <from>
        <node-end-ref end="end" node="1" />
       </from>
       <to>
        <node-end-ref end="begin" node="2" />
       </to>
      </ordering>
      <ordering>
       <from>
        <node-end-ref end="end" node="2" />
       </from>
       <to>
        <node-end-ref end="begin" node="3" />
       </to>
      </ordering>
     </list>
    </orderings>
    <annotations>
     <map>
      <map-entry>
       <key>
        <symbol>comments</symbol>
       </key>
       <value>
        <string>Simple example for expanding consider example in demos</string>
       </value>
      </map-entry>
     </map>
    </annotations>
   </refinement>
   <refinement>
    <name>
     <string>use-truck</string>
    </name>
    <pattern>
     <list>
      <symbol>select-transport-at</symbol>
      <item-var>?object</item-var>
      <item-var>?vehicle</item-var>
      <item-var>?long</item-var>
      <item-var>?lat</item-var>
     </list>
    </pattern>
    <variable-declarations>
     <list>
      <variable-declaration name="?lat" />
      <variable-declaration name="?long" />
      <variable-declaration name="?vehicle" />
      <variable-declaration name="?object" />
     </list>
    </variable-declarations>
    <constraints>
     <list>
      <constraint type="world-state" relation="condition">
       <parameters>
        <list>
         <pattern-assignment>
          <pattern>
           <list>
            <symbol>latitude</symbol>
            <item-var>?vehicle</item-var>
           </list>
          </pattern>
          <value>
           <item-var>?lat</item-var>
          </value>
         </pattern-assignment>
        </list>
       </parameters>
      </constraint>
      <constraint type="world-state" relation="condition">
       <parameters>
        <list>
         <pattern-assignment>
          <pattern>
           <list>
            <symbol>longitude</symbol>
            <item-var>?vehicle</item-var>
           </list>
          </pattern>
          <value>
           <item-var>?long</item-var>
          </value>
         </pattern-assignment>
        </list>
       </parameters>
      </constraint>
      <constraint type="world-state" relation="condition">
       <parameters>
        <list>
         <pattern-assignment>
          <pattern>
           <list>
            <symbol>type</symbol>
            <item-var>?vehicle</item-var>
           </list>
          </pattern>
          <value>
           <symbol>truck</symbol>
          </value>
         </pattern-assignment>
        </list>
       </parameters>
      </constraint>
      <constraint type="world-state" relation="effect">
       <parameters>
        <list>
         <pattern-assignment>
          <pattern>
           <list>
            <symbol>transport-assignment</symbol>
            <item-var>?vehicle</item-var>
           </list>
          </pattern>
          <value>
           <item-var>?object</item-var>
          </value>
         </pattern-assignment>
        </list>
       </parameters>
      </constraint>
     </list>
    </constraints>
    <annotations>
     <map>
      <map-entry>
       <key>
        <symbol>comments</symbol>
       </key>
       <value>
        <string />
       </value>
      </map-entry>
     </map>
    </annotations>
   </refinement>
   <refinement>
    <name>
     <string>use-helicopter</string>
    </name>
    <pattern>
     <list>
      <symbol>select-transport-at</symbol>
      <item-var>?object</item-var>
      <item-var>?vehicle</item-var>
      <item-var>?long</item-var>
      <item-var>?lat</item-var>
     </list>
    </pattern>
    <variable-declarations>
     <list>
      <variable-declaration name="?lat" />
      <variable-declaration name="?long" />
      <variable-declaration name="?vehicle" />
      <variable-declaration name="?object" />
     </list>
    </variable-declarations>
    <nodes>
     <list>
      <node-spec id="1">
       <pattern>
        <list>
         <symbol>seek-authority</symbol>
         <symbol>supervisor</symbol>
         <symbol>assign-helicopter</symbol>
         <item-var>?object</item-var>
         <item-var>?vehicle</item-var>
         <item-var>?long</item-var>
         <item-var>?lat</item-var>
        </list>
       </pattern>
      </node-spec>
     </list>
    </nodes>
    <constraints>
     <list>
      <constraint type="world-state" relation="condition">
       <parameters>
        <list>
         <pattern-assignment>
          <pattern>
           <list>
            <symbol>latitude</symbol>
            <item-var>?vehicle</item-var>
           </list>
          </pattern>
          <value>
           <item-var>?lat</item-var>
          </value>
         </pattern-assignment>
        </list>
       </parameters>
      </constraint>
      <constraint type="world-state" relation="condition">
       <parameters>
        <list>
         <pattern-assignment>
          <pattern>
           <list>
            <symbol>longitude</symbol>
            <item-var>?vehicle</item-var>
           </list>
          </pattern>
          <value>
           <item-var>?long</item-var>
          </value>
         </pattern-assignment>
        </list>
       </parameters>
      </constraint>
      <constraint type="world-state" relation="condition">
       <parameters>
        <list>
         <pattern-assignment>
          <pattern>
           <list>
            <symbol>type</symbol>
            <item-var>?vehicle</item-var>
           </list>
          </pattern>
          <value>
           <symbol>helicopter</symbol>
          </value>
         </pattern-assignment>
        </list>
       </parameters>
      </constraint>
      <constraint type="world-state" relation="effect">
       <parameters>
        <list>
         <pattern-assignment>
          <pattern>
           <list>
            <symbol>transport-assignment</symbol>
            <item-var>?vehicle</item-var>
           </list>
          </pattern>
          <value>
           <item-var>?object</item-var>
          </value>
         </pattern-assignment>
        </list>
       </parameters>
      </constraint>
     </list>
    </constraints>
    <annotations>
     <map>
      <map-entry>
       <key>
        <symbol>comments</symbol>
       </key>
       <value>
        <string />
       </value>
      </map-entry>
     </map>
    </annotations>
   </refinement>
   <refinement>
    <name>
     <string>unload-object-from-vehicle</string>
    </name>
    <pattern>
     <list>
      <symbol>unload</symbol>
      <item-var>?vehicle</item-var>
      <item-var>?object</item-var>
     </list>
    </pattern>
    <variable-declarations>
     <list>
      <variable-declaration name="?lat" />
      <variable-declaration name="?long" />
      <variable-declaration name="?object" />
      <variable-declaration name="?vehicle" />
     </list>
    </variable-declarations>
    <constraints>
     <list>
      <constraint type="world-state" relation="condition">
       <parameters>
        <list>
         <pattern-assignment>
          <pattern>
           <list>
            <symbol>latitude</symbol>
            <item-var>?vehicle</item-var>
           </list>
          </pattern>
          <value>
           <item-var>?lat</item-var>
          </value>
         </pattern-assignment>
        </list>
       </parameters>
      </constraint>
      <constraint type="world-state" relation="condition">
       <parameters>
        <list>
         <pattern-assignment>
          <pattern>
           <list>
            <symbol>longitude</symbol>
            <item-var>?vehicle</item-var>
           </list>
          </pattern>
          <value>
           <item-var>?long</item-var>
          </value>
         </pattern-assignment>
        </list>
       </parameters>
      </constraint>
      <constraint type="world-state" relation="effect">
       <parameters>
        <list>
         <pattern-assignment>
          <pattern>
           <list>
            <symbol>latitude</symbol>
            <item-var>?object</item-var>
           </list>
          </pattern>
          <value>
           <item-var>?lat</item-var>
          </value>
         </pattern-assignment>
        </list>
       </parameters>
      </constraint>
      <constraint type="world-state" relation="effect">
       <parameters>
        <list>
         <pattern-assignment>
          <pattern>
           <list>
            <symbol>longitude</symbol>
            <item-var>?object</item-var>
           </list>
          </pattern>
          <value>
           <item-var>?long</item-var>
          </value>
         </pattern-assignment>
        </list>
       </parameters>
      </constraint>
      <constraint type="world-state" relation="effect">
       <parameters>
        <list>
         <pattern-assignment>
          <pattern>
           <list>
            <symbol>transport-assignment</symbol>
            <item-var>?vehicle</item-var>
           </list>
          </pattern>
          <value>
           <symbol>false</symbol>
          </value>
         </pattern-assignment>
        </list>
       </parameters>
      </constraint>
     </list>
    </constraints>
    <annotations>
     <map>
      <map-entry>
       <key>
        <symbol>comments</symbol>
       </key>
       <value>
        <string />
       </value>
      </map-entry>
     </map>
    </annotations>
   </refinement>
  </list>
 </refinements>
</domain>

