<?xml version="1.0" encoding="UTF-8"?>
<plan xmlns="http://www.aiai.ed.ac.uk/project/ix/">
 <world-state>
  <list>
   <pattern-assignment>
    <pattern>
     <list>
      <symbol>longitude</symbol>
      <symbol>medical-box1</symbol>
     </list>
    </pattern>
    <value>
     <long>47</long>
    </value>
   </pattern-assignment>
   <pattern-assignment>
    <pattern>
     <list>
      <symbol>latitude</symbol>
      <symbol>medical-box1</symbol>
     </list>
    </pattern>
    <value>
     <long>47</long>
    </value>
   </pattern-assignment>
   <pattern-assignment>
    <pattern>
     <list>
      <symbol>type</symbol>
      <symbol>medical-box1</symbol>
     </list>
    </pattern>
    <value>
     <symbol>thing</symbol>
    </value>
   </pattern-assignment>
   <pattern-assignment>
    <pattern>
     <list>
      <symbol>type</symbol>
      <symbol>Truck1</symbol>
     </list>
    </pattern>
    <value>
     <symbol>truck</symbol>
    </value>
   </pattern-assignment>
   <pattern-assignment>
    <pattern>
     <list>
      <symbol>longitude</symbol>
      <symbol>Truck1</symbol>
     </list>
    </pattern>
    <value>
     <long>47</long>
    </value>
   </pattern-assignment>
   <pattern-assignment>
    <pattern>
     <list>
      <symbol>latitude</symbol>
      <symbol>Truck1</symbol>
     </list>
    </pattern>
    <value>
     <long>47</long>
    </value>
   </pattern-assignment>
   <pattern-assignment>
    <pattern>
     <list>
      <symbol>type</symbol>
      <symbol>Heli1</symbol>
     </list>
    </pattern>
    <value>
     <symbol>helicopter</symbol>
    </value>
   </pattern-assignment>
   <pattern-assignment>
    <pattern>
     <list>
      <symbol>longitude</symbol>
      <symbol>Heli1</symbol>
     </list>
    </pattern>
    <value>
     <long>47</long>
    </value>
   </pattern-assignment>
   <pattern-assignment>
    <pattern>
     <list>
      <symbol>latitude</symbol>
      <symbol>Heli1</symbol>
     </list>
    </pattern>
    <value>
     <long>47</long>
    </value>
   </pattern-assignment>
  </list>
 </world-state>
</plan>

