<?xml version="1.0" encoding="ISO-8859-1"?>
<!DOCTYPE model SYSTEM "Compendium.dtd">
<model rootview="1270011100718799141">
	<views>
		<view viewref="1270011100718799141" noderef="1721616221100633706809" XPosition="289" YPosition="1107">
		</view>
		<view viewref="1270011100718799141" noderef="1692541261431100637048039" XPosition="534" YPosition="620">
		</view>
		<view viewref="1270011100718799141" noderef="1721616221100630829793" XPosition="519" YPosition="65">
		</view>
		<view viewref="1270011100718799141" noderef="1270011100717027123" XPosition="288" YPosition="915">
		</view>
		<view viewref="1270011100718799141" noderef="1270011100717163098" XPosition="288" YPosition="996">
		</view>
		<view viewref="1270011100718799141" noderef="1270011100716961989" XPosition="97" YPosition="664">
		</view>
		<view viewref="1270011100718799141" noderef="1270011100716862026" XPosition="284" YPosition="750">
		</view>
		<view viewref="1270011100718799141" noderef="1692541261431100637051814" XPosition="531" YPosition="686">
		</view>
		<view viewref="1270011100718799141" noderef="1692541261431100637001282" XPosition="417" YPosition="608">
		</view>
		<view viewref="1270011100718799141" noderef="1270011100715848368" XPosition="284" YPosition="670">
		</view>
		<view viewref="1270011100718799141" noderef="1270011100715515059" XPosition="272" YPosition="446">
		</view>
		<view viewref="1270011100718799141" noderef="1270011100714762747" XPosition="529" YPosition="535">
		</view>
		<view viewref="1270011100718799141" noderef="1721616221100630832590" XPosition="540" YPosition="0">
		</view>
		<view viewref="1270011100718799141" noderef="1721616221100630823731" XPosition="533" YPosition="250">
		</view>
		<view viewref="1270011100718799141" noderef="1270011100714758921" XPosition="523" YPosition="452">
		</view>
		<view viewref="1270011100718799141" noderef="1270011100714396610" XPosition="395" YPosition="219">
		</view>
		<view viewref="1270011100718799141" noderef="1270011100717018250" XPosition="289" YPosition="849">
		</view>
		<view viewref="1270011100718799141" noderef="1270011100715493708" XPosition="266" YPosition="562">
		</view>
		<view viewref="1270011100718799141" noderef="1270011100714487591" XPosition="407" YPosition="473">
		</view>
		<view viewref="1270011100718799141" noderef="1721616221100630817996" XPosition="543" YPosition="381">
		</view>
		<view viewref="1270011100718799141" noderef="1270011100717217667" XPosition="92" YPosition="786">
		</view>
		<view viewref="1270011100718799141" noderef="1721616221100630820668" XPosition="537" YPosition="299">
		</view>
		<view viewref="1270011100718799141" noderef="1270011100715768313" XPosition="94" YPosition="560">
		</view>
		<view viewref="1270011100718799141" noderef="1721616221100630745793" XPosition="136" YPosition="360">
		</view>
		<view viewref="1270011100718799141" noderef="1270011100714902288" XPosition="0" YPosition="457">
		</view>
		<view viewref="1270011100718799141" noderef="1270011100714946241" XPosition="263" YPosition="219">
		</view>
	</views>
	<nodes>
		<node id="1270011100718799141" type="2" extendedtype="" originalid="" author="Simon Buckingham Shum" created="1100718799141" lastModified="1100722786535" label="I-X Input to: Expt B" state="-1">
			<details>
				<page nodeid="1270011100718799141" author="137108252321094054505307" created="1100718799141" lastModified="1100722786535" pageno="1"></page>
			</details>
			<source></source>
			<image>C:\Program Files\Compendium\Linked Files\Co-OPR\ix-logo.gif</image>
			<coderefs>			</coderefs>
			<shortcutrefs>			</shortcutrefs>
		</node>
		<node id="1721616221100633706809" type="3" extendedtype="0" originalid="" author="Simon Buckingham Shum" created="1100633706809" lastModified="1100717882633" label="Are we collecting inrtelligence?" state="-1">
			<details>
				<page nodeid="1721616221100633706809" author="137108252321094054505307" created="1100633706809" lastModified="1100717882633" pageno="1">

 Sent from JPRC</page>
			</details>
			<source></source>
			<image></image>
			<coderefs>			</coderefs>
			<shortcutrefs>			</shortcutrefs>
		</node>
		<node id="1692541261431100637048039" type="4" extendedtype="0" originalid="" author="Simon Buckingham Shum" created="1100637048039" lastModified="1100637118360" label="Add diversionary recovery  " state="-1">
			<details>
				<page nodeid="1692541261431100637048039" author="137108252321094054505307" created="1100637048039" lastModified="1100637118360" pageno="1"></page>
			</details>
			<source></source>
			<image></image>
			<coderefs>
				<coderef coderef="1692541261431100638429375" />			</coderefs>
			<shortcutrefs>			</shortcutrefs>
		</node>
		<node id="1721616221100630829793" type="4" extendedtype="0" originalid="" author="Simon Buckingham Shum" created="1100630829793" lastModified="1100637181356" label="Recovery by grey forces: 12 agent paramilitary recruited by green agencies, stationed out of truck terminal prepared to extract hostages and move  them to safe houses" state="-1">
			<details>
				<page nodeid="1721616221100630829793" author="137108252321094054505307" created="1100630829793" lastModified="1100637181356" pageno="1"></page>
			</details>
			<source></source>
			<image></image>
			<coderefs>
				<coderef coderef="1692541261431100638429375" />			</coderefs>
			<shortcutrefs>			</shortcutrefs>
		</node>
		<node id="1270011100717027123" type="9" extendedtype="" originalid="" author="Simon Buckingham Shum" created="1100717027123" lastModified="1100717143691" label="IX-Clandestine-2-SOF-Plan-with-Loc-Verify" state="-1">
			<details>
				<page nodeid="1270011100717027123" author="137108252321094054505307" created="1100717027123" lastModified="1100717143691" pageno="1"></page>
			</details>
			<source>C:\Program Files\Compendium\Linked Files\Co-OPR\I-X Exp B Products\IX-Clandestine-2-SOF-Plan-with-Loc-Verify.txt</source>
			<image></image>
			<coderefs>			</coderefs>
			<shortcutrefs>			</shortcutrefs>
		</node>
		<node id="1270011100717163098" type="9" extendedtype="" originalid="" author="Simon Buckingham Shum" created="1100717163098" lastModified="1100717185431" label="IX-Clandestine-2-SOF-Plan-with-Loc-Verify.xml" state="-1">
			<details>
				<page nodeid="1270011100717163098" author="137108252321094054505307" created="1100717163098" lastModified="1100717185431" pageno="1"></page>
			</details>
			<source>C:\Program Files\Compendium\Linked Files\Co-OPR\I-X Exp B Products\IX-Clandestine-2-SOF-Plan-with-Loc-Verify.xml</source>
			<image></image>
			<coderefs>			</coderefs>
			<shortcutrefs>			</shortcutrefs>
		</node>
		<node id="1270011100716961989" type="9" extendedtype="" originalid="" author="Simon Buckingham Shum" created="1100716961989" lastModified="1100716995698" label="I-X Operational Approaches" state="-1">
			<details>
				<page nodeid="1270011100716961989" author="137108252321094054505307" created="1100716961989" lastModified="1100716995698" pageno="1"></page>
			</details>
			<source></source>
			<image>C:\Program Files\Compendium\Linked Files\Co-OPR\ix-logo.gif</image>
			<coderefs>			</coderefs>
			<shortcutrefs>			</shortcutrefs>
		</node>
		<node id="1270011100716862026" type="9" extendedtype="" originalid="" author="Simon Buckingham Shum" created="1100716862026" lastModified="1100716951835" label="I-X Situation Map: Close-up" state="-1">
			<details>
				<page nodeid="1270011100716862026" author="137108252321094054505307" created="1100716862026" lastModified="1100716951835" pageno="1"></page>
			</details>
			<source>C:\Program Files\Compendium\Linked Files\Co-OPR\I-X Exp B Products\coopr-ix-map-2.jpg</source>
			<image>C:\Program Files\Compendium\Linked Files\Co-OPR\graphics\MAP-thumb-antialias.png</image>
			<coderefs>			</coderefs>
			<shortcutrefs>			</shortcutrefs>
		</node>
		<node id="1692541261431100637051814" type="4" extendedtype="0" originalid="" author="Simon Buckingham Shum" created="1100637051814" lastModified="1100714303216" label="Add support via provision activities" state="-1">
			<details>
				<page nodeid="1692541261431100637051814" author="137108252321094054505307" created="1100637051814" lastModified="1100714303216" pageno="1"></page>
			</details>
			<source></source>
			<image></image>
			<coderefs>
				<coderef coderef="1692541261431100638429375" />			</coderefs>
			<shortcutrefs>			</shortcutrefs>
		</node>
		<node id="1692541261431100637001282" type="3" extendedtype="0" originalid="" author="Simon Buckingham Shum" created="1100637001282" lastModified="1100637005087" label="What additional tasks should be considered?" state="-1">
			<details>
				<page nodeid="1692541261431100637001282" author="137108252321094054505307" created="1100637001282" lastModified="1100637005087" pageno="1"></page>
			</details>
			<source></source>
			<image></image>
			<coderefs>
				<coderef coderef="1692541261431100638429375" />			</coderefs>
			<shortcutrefs>			</shortcutrefs>
		</node>
		<node id="1270011100715848368" type="9" extendedtype="" originalid="" author="Simon Buckingham Shum" created="1100715848368" lastModified="1100715975230" label="I-X Situation Map: Overview" state="-1">
			<details>
				<page nodeid="1270011100715848368" author="137108252321094054505307" created="1100715848368" lastModified="1100715975230" pageno="1"></page>
			</details>
			<source>C:\Program Files\Compendium\Linked Files\Co-OPR\I-X Exp B Products\coopr-ix-map-1.jpg</source>
			<image>C:\Program Files\Compendium\Linked Files\Co-OPR\graphics\MAP-thumb-antialias.png</image>
			<coderefs>			</coderefs>
			<shortcutrefs>			</shortcutrefs>
		</node>
		<node id="1270011100715515059" type="9" extendedtype="" originalid="" author="Simon Buckingham Shum" created="1100715515059" lastModified="1100717096002" label="coopr-ix-covert-approaches" state="-1">
			<details>
				<page nodeid="1270011100715515059" author="137108252321094054505307" created="1100715515059" lastModified="1100717096002" pageno="1"></page>
			</details>
			<source>C:\Program Files\Compendium\Linked Files\Co-OPR\I-X Exp B Products\coopr-ix-covert-approaches.txt</source>
			<image>C:\Program Files\Compendium\Linked Files\Co-OPR\ix-logo.gif</image>
			<coderefs>			</coderefs>
			<shortcutrefs>			</shortcutrefs>
		</node>
		<node id="1270011100714762747" type="4" extendedtype="" originalid="" author="Simon Buckingham Shum" created="1100714762747" lastModified="1100714790206" label="SOF Support, Civilian/Transport Recovery" state="-1">
			<details>
				<page nodeid="1270011100714762747" author="137108252321094054505307" created="1100714762747" lastModified="1100714790206" pageno="1"></page>
			</details>
			<source></source>
			<image></image>
			<coderefs>			</coderefs>
			<shortcutrefs>			</shortcutrefs>
		</node>
		<node id="1721616221100630832590" type="4" extendedtype="0" originalid="" author="Simon Buckingham Shum" created="1100630832590" lastModified="1100630877325" label="Recover by negotiation " state="-1">
			<details>
				<page nodeid="1721616221100630832590" author="137108252321094054505307" created="1100630832590" lastModified="1100630877325" pageno="1"></page>
			</details>
			<source></source>
			<image></image>
			<coderefs>
				<coderef coderef="1692541261431100638429375" />			</coderefs>
			<shortcutrefs>			</shortcutrefs>
		</node>
		<node id="1721616221100630823731" type="4" extendedtype="0" originalid="" author="Simon Buckingham Shum" created="1100630823731" lastModified="1100630882793" label="Recover by sof " state="-1">
			<details>
				<page nodeid="1721616221100630823731" author="137108252321094054505307" created="1100630823731" lastModified="1100630882793" pageno="1"></page>
			</details>
			<source></source>
			<image></image>
			<coderefs>
				<coderef coderef="1692541261431100638429375" />			</coderefs>
			<shortcutrefs>			</shortcutrefs>
		</node>
		<node id="1270011100714758921" type="4" extendedtype="" originalid="" author="Simon Buckingham Shum" created="1100714758921" lastModified="1100714819388" label=" SOF Support, Para Military/Transport Recovery" state="-1">
			<details>
				<page nodeid="1270011100714758921" author="137108252321094054505307" created="1100714758921" lastModified="1100714819388" pageno="1"></page>
			</details>
			<source></source>
			<image></image>
			<coderefs>			</coderefs>
			<shortcutrefs>			</shortcutrefs>
		</node>
		<node id="1270011100714396610" type="3" extendedtype="" originalid="" author="Simon Buckingham Shum" created="1100714396610" lastModified="1100714671085" label="What are the generic means to recover Isolated Personnel?" state="-1">
			<details>
				<page nodeid="1270011100714396610" author="137108252321094054505307" created="1100714396610" lastModified="1100714671085" pageno="1"></page>
			</details>
			<source></source>
			<image></image>
			<coderefs>			</coderefs>
			<shortcutrefs>			</shortcutrefs>
		</node>
		<node id="1270011100717018250" type="9" extendedtype="" originalid="" author="Simon Buckingham Shum" created="1100717018250" lastModified="1100717078517" label="IX-Clandestine-2-SOF-Plan" state="-1">
			<details>
				<page nodeid="1270011100717018250" author="137108252321094054505307" created="1100717018250" lastModified="1100717078517" pageno="1"></page>
			</details>
			<source>C:\Program Files\Compendium\Linked Files\Co-OPR\I-X Exp B Products\IX-Clandestine-2-SOF-Plan.txt</source>
			<image></image>
			<coderefs>			</coderefs>
			<shortcutrefs>			</shortcutrefs>
		</node>
		<node id="1270011100715493708" type="9" extendedtype="" originalid="" author="Simon Buckingham Shum" created="1100715493708" lastModified="1100717086198" label="coopr-ix-additional-activities-to-consider" state="-1">
			<details>
				<page nodeid="1270011100715493708" author="137108252321094054505307" created="1100715493708" lastModified="1100717086198" pageno="1"></page>
			</details>
			<source>C:\Program Files\Compendium\Linked Files\Co-OPR\I-X Exp B Products\coopr-ix-additional-activities-to-consider.txt</source>
			<image>C:\Program Files\Compendium\Linked Files\Co-OPR\ix-logo.gif</image>
			<coderefs>			</coderefs>
			<shortcutrefs>			</shortcutrefs>
		</node>
		<node id="1270011100714487591" type="3" extendedtype="" originalid="" author="Simon Buckingham Shum" created="1100714487591" lastModified="1100714741026" label="What are covert means to recover Isolated Personnel?" state="-1">
			<details>
				<page nodeid="1270011100714487591" author="137108252321094054505307" created="1100714487591" lastModified="1100714741026" pageno="1"></page>
			</details>
			<source></source>
			<image></image>
			<coderefs>			</coderefs>
			<shortcutrefs>			</shortcutrefs>
		</node>
		<node id="1721616221100630817996" type="4" extendedtype="0" originalid="" author="Simon Buckingham Shum" created="1100630817996" lastModified="1100630888871" label="Recover unassisted " state="-1">
			<details>
				<page nodeid="1721616221100630817996" author="137108252321094054505307" created="1100630817996" lastModified="1100630888871" pageno="1"></page>
			</details>
			<source></source>
			<image></image>
			<coderefs>
				<coderef coderef="1692541261431100638429375" />			</coderefs>
			<shortcutrefs>			</shortcutrefs>
		</node>
		<node id="1270011100717217667" type="9" extendedtype="" originalid="" author="Simon Buckingham Shum" created="1100717217667" lastModified="1100717245677" label="I-X Added Issues" state="-1">
			<details>
				<page nodeid="1270011100717217667" author="137108252321094054505307" created="1100717217667" lastModified="1100717245677" pageno="1"></page>
			</details>
			<source></source>
			<image>C:\Program Files\Compendium\Linked Files\Co-OPR\ix-logo.gif</image>
			<coderefs>			</coderefs>
			<shortcutrefs>			</shortcutrefs>
		</node>
		<node id="1721616221100630820668" type="4" extendedtype="0" originalid="" author="Simon Buckingham Shum" created="1100630820668" lastModified="1100634345465" label="Recover by coalition covert-means " state="-1">
			<details>
				<page nodeid="1721616221100630820668" author="137108252321094054505307" created="1100630820668" lastModified="1100634345465" pageno="1"></page>
			</details>
			<source></source>
			<image></image>
			<coderefs>
				<coderef coderef="1692541261431100638429375" />			</coderefs>
			<shortcutrefs>			</shortcutrefs>
		</node>
		<node id="1270011100715768313" type="9" extendedtype="" originalid="" author="Simon Buckingham Shum" created="1100715768313" lastModified="1100715796674" label="I-X Situation Maps" state="-1">
			<details>
				<page nodeid="1270011100715768313" author="137108252321094054505307" created="1100715768313" lastModified="1100715796674" pageno="1"></page>
			</details>
			<source></source>
			<image>C:\Program Files\Compendium\Linked Files\Co-OPR\ix-logo.gif</image>
			<coderefs>			</coderefs>
			<shortcutrefs>			</shortcutrefs>
		</node>
		<node id="1721616221100630745793" type="9" extendedtype="0" originalid="" author="Simon Buckingham Shum" created="1100630745793" lastModified="1100715444097" label="I-X Issue/ Response " state="-1">
			<details>
				<page nodeid="1721616221100630745793" author="137108252321094054505307" created="1100630745793" lastModified="1100715444097" pageno="1">

 Sent from JPRC</page>
			</details>
			<source></source>
			<image>C:\Program Files\Compendium\Linked Files\Co-OPR\ix-logo.gif</image>
			<coderefs>			</coderefs>
			<shortcutrefs>			</shortcutrefs>
		</node>
		<node id="1270011100714902288" type="9" extendedtype="" originalid="" author="Simon Buckingham Shum" created="1100714902288" lastModified="1100715426772" label="I-X Exp B Products" state="-1">
			<details>
				<page nodeid="1270011100714902288" author="137108252321094054505307" created="1100714902288" lastModified="1100715426772" pageno="1"></page>
			</details>
			<source></source>
			<image>C:\Program Files\Compendium\Linked Files\Co-OPR\ix-logo.gif</image>
			<coderefs>			</coderefs>
			<shortcutrefs>			</shortcutrefs>
		</node>
		<node id="1270011100714946241" type="9" extendedtype="" originalid="" author="Simon Buckingham Shum" created="1100714946241" lastModified="1100717107178" label="coopr-ix-recover-actions" state="-1">
			<details>
				<page nodeid="1270011100714946241" author="137108252321094054505307" created="1100714946241" lastModified="1100717107178" pageno="1"></page>
			</details>
			<source>C:\Program Files\Compendium\Linked Files\Co-OPR\I-X Exp B Products\coopr-ix-recover-actions.txt</source>
			<image>C:\Program Files\Compendium\Linked Files\Co-OPR\ix-logo.gif</image>
			<coderefs>			</coderefs>
			<shortcutrefs>			</shortcutrefs>
		</node>
	</nodes>
	<links>
		<link id="1270011100717148047" created="1100717148047" lastModified="1100717148047" author="Simon Buckingham Shum" type="45" originalid="" from="1270011100717027123" to="1270011100716961989" label="" arrow="1">
			<linkviews>
				<linkview id="1270011100718799141"/>
			</linkviews>
		</link>

		<link id="1270011100715571280" created="1100715571280" lastModified="1100715571280" author="Simon Buckingham Shum" type="45" originalid="" from="1270011100715515059" to="1721616221100630745793" label="" arrow="1">
			<linkviews>
				<linkview id="1270011100718799141"/>
			</linkviews>
		</link>

		<link id="1270011100714470046" created="1100714470046" lastModified="1100714470046" author="Simon Buckingham Shum" type="45" originalid="" from="1721616221100630829793" to="1270011100714396610" label="" arrow="1">
			<linkviews>
				<linkview id="1270011100718799141"/>
			</linkviews>
		</link>

		<link id="1270011100714820430" created="1100714820430" lastModified="1100714820430" author="Simon Buckingham Shum" type="45" originalid="" from="1270011100714758921" to="1270011100714487591" label="" arrow="1">
			<linkviews>
				<linkview id="1270011100718799141"/>
			</linkviews>
		</link>

		<link id="1270011100714411973" created="1100714411973" lastModified="1100714411973" author="Simon Buckingham Shum" type="45" originalid="" from="1721616221100630832590" to="1270011100714396610" label="" arrow="1">
			<linkviews>
				<linkview id="1270011100718799141"/>
			</linkviews>
		</link>

		<link id="1270011100715571199" created="1100715571199" lastModified="1100715571199" author="Simon Buckingham Shum" type="45" originalid="" from="1270011100715493708" to="1721616221100630745793" label="" arrow="1">
			<linkviews>
				<linkview id="1270011100718799141"/>
			</linkviews>
		</link>

		<link id="1270011100714931359" created="1100714931359" lastModified="1100714931359" author="Simon Buckingham Shum" type="45" originalid="" from="1721616221100630745793" to="1270011100714902288" label="" arrow="1">
			<linkviews>
				<linkview id="1270011100718799141"/>
			</linkviews>
		</link>

		<link id="1270011100714433704" created="1100714433704" lastModified="1100714433704" author="Simon Buckingham Shum" type="45" originalid="" from="1721616221100630820668" to="1270011100714396610" label="" arrow="1">
			<linkviews>
				<linkview id="1270011100718799141"/>
			</linkviews>
		</link>

		<link id="1692541261431100637120813" created="1100637120813" lastModified="1100637120813" author="Simon Buckingham Shum" type="45" originalid="" from="1692541261431100637051814" to="1692541261431100637001282" label="" arrow="1">
			<linkviews>
				<linkview id="1270011100718799141"/>
			</linkviews>
		</link>

		<link id="1270011100717146234" created="1100717146234" lastModified="1100717146234" author="Simon Buckingham Shum" type="45" originalid="" from="1270011100717018250" to="1270011100716961989" label="" arrow="1">
			<linkviews>
				<linkview id="1270011100718799141"/>
			</linkviews>
		</link>

		<link id="1270011100717197228" created="1100717197228" lastModified="1100717197228" author="Simon Buckingham Shum" type="45" originalid="" from="1270011100717163098" to="1270011100716961989" label="" arrow="1">
			<linkviews>
				<linkview id="1270011100718799141"/>
			</linkviews>
		</link>

		<link id="1270011100714427455" created="1100714427455" lastModified="1100714427455" author="Simon Buckingham Shum" type="45" originalid="" from="1721616221100630823731" to="1270011100714396610" label="" arrow="1">
			<linkviews>
				<linkview id="1270011100718799141"/>
			</linkviews>
		</link>

		<link id="1270011100715571360" created="1100715571360" lastModified="1100715571360" author="Simon Buckingham Shum" type="45" originalid="" from="1270011100714946241" to="1721616221100630745793" label="" arrow="1">
			<linkviews>
				<linkview id="1270011100718799141"/>
			</linkviews>
		</link>

		<link id="1270011100715799017" created="1100715799017" lastModified="1100715799017" author="Simon Buckingham Shum" type="45" originalid="" from="1270011100715768313" to="1270011100714902288" label="" arrow="1">
			<linkviews>
				<linkview id="1270011100718799141"/>
			</linkviews>
		</link>

		<link id="1270011100714822453" created="1100714822453" lastModified="1100714822453" author="Simon Buckingham Shum" type="45" originalid="" from="1270011100714762747" to="1270011100714487591" label="" arrow="1">
			<linkviews>
				<linkview id="1270011100718799141"/>
			</linkviews>
		</link>

		<link id="1270011100717617932" created="1100717617932" lastModified="1100717617932" author="Simon Buckingham Shum" type="45" originalid="" from="1721616221100633706809" to="1270011100717217667" label="" arrow="1">
			<linkviews>
				<linkview id="1270011100718799141"/>
			</linkviews>
		</link>

		<link id="1270011100716983110" created="1100716983110" lastModified="1100716983110" author="Simon Buckingham Shum" type="45" originalid="" from="1270011100716961989" to="1270011100714902288" label="" arrow="1">
			<linkviews>
				<linkview id="1270011100718799141"/>
			</linkviews>
		</link>

		<link id="1270011100717234221" created="1100717234221" lastModified="1100717234221" author="Simon Buckingham Shum" type="45" originalid="" from="1270011100717217667" to="1270011100714902288" label="" arrow="1">
			<linkviews>
				<linkview id="1270011100718799141"/>
			</linkviews>
		</link>

		<link id="1692541261431100637119051" created="1100637119051" lastModified="1100637119051" author="Simon Buckingham Shum" type="45" originalid="" from="1692541261431100637048039" to="1692541261431100637001282" label="" arrow="1">
			<linkviews>
				<linkview id="1270011100718799141"/>
			</linkviews>
		</link>

		<link id="1270011100715573423" created="1100715573423" lastModified="1100715573423" author="Simon Buckingham Shum" type="45" originalid="" from="1692541261431100637001282" to="1270011100715493708" label="" arrow="1">
			<linkviews>
				<linkview id="1270011100718799141"/>
			</linkviews>
		</link>

		<link id="1270011100714436758" created="1100714436758" lastModified="1100714436758" author="Simon Buckingham Shum" type="45" originalid="" from="1721616221100630817996" to="1270011100714396610" label="" arrow="1">
			<linkviews>
				<linkview id="1270011100718799141"/>
			</linkviews>
		</link>

		<link id="1270011100715576878" created="1100715576878" lastModified="1100715576878" author="Simon Buckingham Shum" type="45" originalid="" from="1270011100714487591" to="1270011100715515059" label="" arrow="1">
			<linkviews>
				<linkview id="1270011100718799141"/>
			</linkviews>
		</link>

		<link id="1270011100715963994" created="1100715963994" lastModified="1100715963994" author="Simon Buckingham Shum" type="45" originalid="" from="1270011100715848368" to="1270011100715768313" label="" arrow="1">
			<linkviews>
				<linkview id="1270011100718799141"/>
			</linkviews>
		</link>

		<link id="1270011100716901042" created="1100716901042" lastModified="1100716901042" author="Simon Buckingham Shum" type="45" originalid="" from="1270011100716862026" to="1270011100715768313" label="" arrow="1">
			<linkviews>
				<linkview id="1270011100718799141"/>
			</linkviews>
		</link>

		<link id="1270011100715579011" created="1100715579011" lastModified="1100715579011" author="Simon Buckingham Shum" type="45" originalid="" from="1270011100714396610" to="1270011100714946241" label="" arrow="1">
			<linkviews>
				<linkview id="1270011100718799141"/>
			</linkviews>
		</link>
	</links>
	<codes>
		<code id="1692541261431100638429375" author="Simon Buckingham Shum" created="1100638429375" lastModified="1100638429375" name="I-X Issue Response" description="No Description" behavior="No Behavior">
		</code>
	</codes>
</model>