<?xml version="1.0" encoding="UTF-8"?>
<domain xmlns="http://www.aiai.ed.ac.uk/project/ix/">
 <refinements>
  <list>
   <refinement>
    <name>
     <string>grant-helicopter-authority</string>
    </name>
    <pattern>
     <list>
      <symbol>seek-authority</symbol>
      <symbol>supervisor</symbol>
      <symbol>assign-helicopter</symbol>
      <item-var>?cargo</item-var>
      <item-var>?helicopter</item-var>
      <item-var>?long</item-var>
      <item-var>?lat</item-var>
     </list>
    </pattern>
    <variable-declarations>
     <list>
      <variable-declaration name="?lat" />
      <variable-declaration name="?long" />
      <variable-declaration name="?cargo" />
      <variable-declaration name="?helicopter" />
     </list>
    </variable-declarations>
    <constraints>
     <list>
      <constraint type="world-state" relation="condition">
       <parameters>
        <list>
         <pattern-assignment>
          <pattern>
           <list>
            <symbol>type</symbol>
            <item-var>?helicopter</item-var>
           </list>
          </pattern>
          <value>
           <symbol>helicopter</symbol>
          </value>
         </pattern-assignment>
        </list>
       </parameters>
      </constraint>
      <constraint type="world-state" relation="effect">
       <parameters>
        <list>
         <pattern-assignment>
          <pattern>
           <list>
            <symbol>transport-assignment</symbol>
            <item-var>?helicopter</item-var>
           </list>
          </pattern>
          <value>
           <item-var>?cargo</item-var>
          </value>
         </pattern-assignment>
        </list>
       </parameters>
      </constraint>
     </list>
    </constraints>
    <annotations>
     <map>
      <map-entry>
       <key>
        <symbol>comments</symbol>
       </key>
       <value>
        <string />
       </value>
      </map-entry>
     </map>
    </annotations>
   </refinement>
   <refinement>
    <name>
     <string>sop-001</string>
    </name>
    <pattern>
     <list>
      <symbol>consider</symbol>
      <item-var>?x</item-var>
     </list>
    </pattern>
    <variable-declarations>
     <list>
      <variable-declaration name="?x" />
     </list>
    </variable-declarations>
    <nodes>
     <list>
      <node-spec id="1">
       <pattern>
        <list>
         <symbol>do</symbol>
         <item-var>?x</item-var>
         <symbol>part-1</symbol>
        </list>
       </pattern>
      </node-spec>
      <node-spec id="2">
       <pattern>
        <list>
         <symbol>do</symbol>
         <item-var>?x</item-var>
         <symbol>part-2</symbol>
        </list>
       </pattern>
      </node-spec>
      <node-spec id="3">
       <pattern>
        <list>
         <symbol>do</symbol>
         <item-var>?x</item-var>
         <symbol>part-3</symbol>
        </list>
       </pattern>
      </node-spec>
      <node-spec id="4">
       <pattern>
        <list>
         <symbol>do</symbol>
         <item-var>?x</item-var>
         <symbol>part-4</symbol>
        </list>
       </pattern>
      </node-spec>
     </list>
    </nodes>
    <orderings>
     <list>
      <ordering>
       <from>
        <node-end-ref end="end" node="1" />
       </from>
       <to>
        <node-end-ref end="begin" node="2" />
       </to>
      </ordering>
      <ordering>
       <from>
        <node-end-ref end="end" node="2" />
       </from>
       <to>
        <node-end-ref end="begin" node="3" />
       </to>
      </ordering>
     </list>
    </orderings>
    <annotations>
     <map>
      <map-entry>
       <key>
        <symbol>comments</symbol>
       </key>
       <value>
        <string>Simple example for expanding consider example in demos</string>
       </value>
      </map-entry>
     </map>
    </annotations>
   </refinement>
  </list>
 </refinements>
</domain>

