<?xml version="1.0" encoding="UTF-8"?>
<domain xmlns="http://www.aiai.ed.ac.uk/project/ix/">
 <name>
  <string>+</string>
 </name>
 <refinements>
  <list>
   <refinement>
    <name>
     <string>b3 -Discuss Other Technical Issues</string>
    </name>
    <pattern>
     <list>
      <symbol>Discuss</symbol>
      <symbol>Other</symbol>
      <symbol>Technical</symbol>
      <item-var>?personnel</item-var>
     </list>
    </pattern>
    <variable-declarations>
     <list>
      <variable-declaration name="?personnel" />
      <variable-declaration name="?personnel-1" />
      <variable-declaration name="?personnel-2" />
     </list>
    </variable-declarations>
    <nodes>
     <list>
      <node-spec id="1">
       <pattern>
        <list>
         <symbol>Integrate</symbol>
         <symbol>Buddyspace</symbol>
         <symbol>With</symbol>
         <symbol>IX</symbol>
         <list>
          <symbol>state</symbol>
          <symbol>panel</symbol>
         </list>
         <item-var>?personnel-1</item-var>
        </list>
       </pattern>
      </node-spec>
      <node-spec id="2">
       <pattern>
        <list>
         <symbol>Provide</symbol>
         <symbol>Mobile</symbol>
         <symbol>Alert</symbol>
         <item-var>?personnel-2</item-var>
        </list>
       </pattern>
      </node-spec>
     </list>
    </nodes>
    <comments>
     <string>Creator: Austin Tate
Last Revised Date: June 6th, 2003
Last Revised by: Jessica Chen-Burger
Status: under development</string>
    </comments>
   </refinement>
   <refinement>
    <name>
     <string>Keep Stakeholders Informed of Response Activities</string>
    </name>
    <pattern>
     <list>
      <symbol>Keep</symbol>
      <symbol>stakeholders</symbol>
      <symbol>informed</symbol>
     </list>
    </pattern>
    <comments>
     <string />
    </comments>
   </refinement>
   <refinement>
    <name>
     <string>1 - Set-Up Meeting Environment</string>
    </name>
    <pattern>
     <list>
      <symbol>Set-Up</symbol>
      <symbol>Meeting</symbol>
      <symbol>Environment</symbol>
      <item-var>?attendance-list</item-var>
      <item-var>?group-list</item-var>
     </list>
    </pattern>
    <variable-declarations>
     <list>
      <variable-declaration name="?attendance-list" />
      <variable-declaration name="?group-list" />
     </list>
    </variable-declarations>
    <nodes>
     <list>
      <node-spec id="1">
       <pattern>
        <list>
         <symbol>Set-Up</symbol>
         <symbol>Personal</symbol>
         <symbol>Environment</symbol>
        </list>
       </pattern>
      </node-spec>
      <node-spec id="2">
       <pattern>
        <list>
         <symbol>Establish</symbol>
         <symbol>Group</symbol>
         <symbol>Communication</symbol>
         <item-var>?group-list</item-var>
        </list>
       </pattern>
      </node-spec>
     </list>
    </nodes>
    <comments>
     <string>Creator: Jessica Chen-Burger
Last Revised Date: June 6th, 2003
Last Revised by: Jessica Chen-Burger
Status: under development</string>
    </comments>
   </refinement>
   <refinement>
    <name>
     <string>1.1 - Set-Up Personal Environment</string>
    </name>
    <pattern>
     <list>
      <symbol>Set-Up</symbol>
      <symbol>Personal</symbol>
      <symbol>Environment</symbol>
     </list>
    </pattern>
    <nodes>
     <list>
      <node-spec id="1">
       <pattern>
        <list>
         <symbol>Start</symbol>
         <symbol>Compendium</symbol>
        </list>
       </pattern>
      </node-spec>
      <node-spec id="2">
       <pattern>
        <list>
         <symbol>Log</symbol>
         <symbol>into</symbol>
         <symbol>Buddyspace</symbol>
        </list>
       </pattern>
      </node-spec>
      <node-spec id="3">
       <pattern>
        <list>
         <symbol>Start</symbol>
         <symbol>I-X</symbol>
         <symbol>Process</symbol>
         <symbol>Panel</symbol>
        </list>
       </pattern>
      </node-spec>
     </list>
    </nodes>
    <comments>
     <string>Creator: Jessica Chen-Burger
Last Revised Date: June 6th, 2003
Last Revised by: Jessica Chen-Burger
Status: under development</string>
    </comments>
   </refinement>
   <refinement>
    <name>
     <string>Deploy fire-fighting team</string>
    </name>
    <pattern>
     <list>
      <symbol>consider</symbol>
      <symbol>deployment</symbol>
      <symbol>of</symbol>
      <symbol>fire-fighting</symbol>
      <symbol>team</symbol>
     </list>
    </pattern>
    <nodes>
     <list>
      <node-spec id="1">
       <pattern>
        <list>
         <symbol>get</symbol>
         <symbol>blaze</symbol>
         <symbol>assessment</symbol>
        </list>
       </pattern>
      </node-spec>
      <node-spec id="2">
       <pattern>
        <list>
         <symbol>invoke</symbol>
         <symbol>Fire</symbol>
         <symbol>Suppression</symbol>
         <symbol>Group</symbol>
        </list>
       </pattern>
      </node-spec>
     </list>
    </nodes>
    <constraints>
     <list>
      <constraint type="world-state" relation="condition">
       <parameters>
        <list>
         <pattern-assignment>
          <pattern>
           <list>
            <symbol>state</symbol>
            <symbol>oil</symbol>
           </list>
          </pattern>
          <value>
           <symbol>ablaze</symbol>
          </value>
         </pattern-assignment>
        </list>
       </parameters>
      </constraint>
     </list>
    </constraints>
    <issues>
     <list>
      <issue status="blank" priority="normal">
       <pattern>
        <list>
         <symbol>what</symbol>
         <symbol>is</symbol>
         <symbol>scale</symbol>
         <symbol>of</symbol>
         <symbol>fire?</symbol>
        </list>
       </pattern>
      </issue>
      <issue status="blank" priority="normal">
       <pattern>
        <list>
         <symbol>what</symbol>
         <symbol>material</symbol>
         <symbol>is</symbol>
         <symbol>on</symbol>
         <symbol>fire?</symbol>
        </list>
       </pattern>
      </issue>
      <issue status="blank" priority="normal">
       <pattern>
        <list>
         <symbol>what</symbol>
         <symbol>is</symbol>
         <symbol>in</symbol>
         <symbol>line</symbol>
         <symbol>of</symbol>
         <symbol>fire?</symbol>
        </list>
       </pattern>
      </issue>
     </list>
    </issues>
    <comments>
     <string />
    </comments>
   </refinement>
   <refinement>
    <name>
     <string>Emergency safety procedure</string>
    </name>
    <pattern>
     <list>
      <symbol>ensure</symbol>
      <symbol>safety</symbol>
      <symbol>of</symbol>
      <symbol>public</symbol>
      <symbol>and</symbol>
      <symbol>response</symbol>
      <symbol>personnel</symbol>
     </list>
    </pattern>
    <nodes>
     <list>
      <node-spec id="1">
       <pattern>
        <list>
         <symbol>broadcast</symbol>
         <symbol>standard</symbol>
         <symbol>personnel</symbol>
         <symbol>safety</symbol>
         <symbol>protocol</symbol>
        </list>
       </pattern>
      </node-spec>
      <node-spec id="2">
       <pattern>
        <list>
         <symbol>identify</symbol>
         <symbol>hazards</symbol>
         <symbol>of</symbol>
         <symbol>spilled</symbol>
         <symbol>material</symbol>
        </list>
       </pattern>
      </node-spec>
      <node-spec id="3">
       <pattern>
        <list>
         <symbol>locate</symbol>
         <symbol>and</symbol>
         <symbol>evacuate</symbol>
         <symbol>casualties</symbol>
        </list>
       </pattern>
      </node-spec>
      <node-spec id="4">
       <pattern>
        <list>
         <symbol>consider</symbol>
         <symbol>evacuation</symbol>
         <symbol>of</symbol>
         <symbol>public</symbol>
        </list>
       </pattern>
      </node-spec>
      <node-spec id="5">
       <pattern>
        <list>
         <symbol>establish</symbol>
         <symbol>site</symbol>
         <symbol>control</symbol>
        </list>
       </pattern>
      </node-spec>
      <node-spec id="6">
       <pattern>
        <list>
         <symbol>establish</symbol>
         <symbol>vehicle</symbol>
         <symbol>restrictions</symbol>
        </list>
       </pattern>
      </node-spec>
      <node-spec id="7">
       <pattern>
        <list>
         <symbol>instigate</symbol>
         <symbol>air</symbol>
         <symbol>monitoring</symbol>
         <symbol>routine</symbol>
        </list>
       </pattern>
      </node-spec>
      <node-spec id="8">
       <pattern>
        <list>
         <symbol>develop</symbol>
         <symbol>site</symbol>
         <symbol>safety</symbol>
         <symbol>and</symbol>
         <symbol>health</symbol>
         <symbol>plan</symbol>
        </list>
       </pattern>
      </node-spec>
     </list>
    </nodes>
    <orderings>
     <list>
      <ordering>
       <from>
        <node-end-ref end="end" node="1" />
       </from>
       <to>
        <node-end-ref end="begin" node="2" />
       </to>
      </ordering>
      <ordering>
       <from>
        <node-end-ref end="end" node="2" />
       </from>
       <to>
        <node-end-ref end="begin" node="3" />
       </to>
      </ordering>
      <ordering>
       <from>
        <node-end-ref end="end" node="2" />
       </from>
       <to>
        <node-end-ref end="begin" node="4" />
       </to>
      </ordering>
      <ordering>
       <from>
        <node-end-ref end="end" node="2" />
       </from>
       <to>
        <node-end-ref end="begin" node="5" />
       </to>
      </ordering>
      <ordering>
       <from>
        <node-end-ref end="end" node="5" />
       </from>
       <to>
        <node-end-ref end="begin" node="6" />
       </to>
      </ordering>
      <ordering>
       <from>
        <node-end-ref end="end" node="5" />
       </from>
       <to>
        <node-end-ref end="begin" node="7" />
       </to>
      </ordering>
      <ordering>
       <from>
        <node-end-ref end="end" node="5" />
       </from>
       <to>
        <node-end-ref end="begin" node="8" />
       </to>
      </ordering>
     </list>
    </orderings>
    <issues>
     <list>
      <issue status="blank" priority="normal">
       <pattern>
        <list>
         <symbol>scale</symbol>
         <symbol>of</symbol>
         <symbol>spill?</symbol>
        </list>
       </pattern>
      </issue>
     </list>
    </issues>
    <comments>
     <string />
    </comments>
   </refinement>
   <refinement>
    <name>
     <string>a0 - Setup PI meeting</string>
    </name>
    <pattern>
     <list>
      <symbol>Setup</symbol>
      <symbol>PI</symbol>
      <symbol>meeting</symbol>
     </list>
    </pattern>
    <nodes>
     <list>
      <node-spec id="1">
       <pattern>
        <list>
         <symbol>Log</symbol>
         <symbol>into</symbol>
         <symbol>Buddyspace</symbol>
        </list>
       </pattern>
      </node-spec>
      <node-spec id="2">
       <pattern>
        <list>
         <symbol>Join</symbol>
         <symbol>MCU</symbol>
         <symbol>Conference</symbol>
        </list>
       </pattern>
      </node-spec>
      <node-spec id="3">
       <pattern>
        <list>
         <symbol>Start</symbol>
         <symbol>Compendium</symbol>
        </list>
       </pattern>
      </node-spec>
      <node-spec id="4">
       <pattern>
        <list>
         <symbol>Join</symbol>
         <symbol>Teleconference</symbol>
         <symbol>[</symbol>
         <symbol>optional</symbol>
         <symbol>]</symbol>
        </list>
       </pattern>
      </node-spec>
     </list>
    </nodes>
    <orderings>
     <list>
      <ordering>
       <from>
        <node-end-ref end="end" node="1" />
       </from>
       <to>
        <node-end-ref end="begin" node="2" />
       </to>
      </ordering>
      <ordering>
       <from>
        <node-end-ref end="end" node="2" />
       </from>
       <to>
        <node-end-ref end="begin" node="3" />
       </to>
      </ordering>
      <ordering>
       <from>
        <node-end-ref end="end" node="3" />
       </from>
       <to>
        <node-end-ref end="begin" node="4" />
       </to>
      </ordering>
     </list>
    </orderings>
    <comments>
     <string>Creator: Steve Potter
Last Revised Date: June 6th, 2003
Last Revised by: Jessica Chen-Burger
Status: under development</string>
    </comments>
   </refinement>
   <refinement>
    <name>
     <string>b2 - Hold Technology Integration Session</string>
    </name>
    <pattern>
     <list>
      <symbol>Hold</symbol>
      <symbol>Technology</symbol>
      <symbol>Integration</symbol>
      <symbol>Session</symbol>
      <item-var>?personnel</item-var>
     </list>
    </pattern>
    <variable-declarations>
     <list>
      <variable-declaration name="?personnel" />
      <variable-declaration name="?personnel-1" />
      <variable-declaration name="?personnel-2" />
      <variable-declaration name="?personnel-3" />
     </list>
    </variable-declarations>
    <nodes>
     <list>
      <node-spec id="1">
       <pattern>
        <list>
         <symbol>Mapping</symbol>
         <symbol>Compendium</symbol>
         <symbol>and</symbol>
         <symbol>IX</symbol>
         <item-var>?personnel-1</item-var>
        </list>
       </pattern>
      </node-spec>
      <node-spec id="2">
       <pattern>
        <list>
         <symbol>Present</symbol>
         <symbol>Arbitrary</symbol>
         <symbol>Compendium</symbol>
         <symbol>Nodes</symbol>
         <item-var>?personnel-2</item-var>
        </list>
       </pattern>
      </node-spec>
      <node-spec id="3">
       <pattern>
        <list>
         <symbol>Link</symbol>
         <symbol>to</symbol>
         <symbol>Java</symbol>
         <double>1.3</double>
         <symbol>Buddy</symbol>
         <symbol>Space</symbol>
         <item-var>?personnel-3</item-var>
        </list>
       </pattern>
      </node-spec>
     </list>
    </nodes>
    <comments>
     <string>Creator: Austin Tate
Last Revised Date: June 6th, 2003
Last Revised by: Jessica Chen-Burger
Status: under development</string>
    </comments>
   </refinement>
   <refinement>
    <name>
     <string>Manage Coordinated Response Effort</string>
    </name>
    <pattern>
     <list>
      <symbol>Manage</symbol>
      <symbol>coordinated</symbol>
      <symbol>response</symbol>
      <symbol>effort</symbol>
     </list>
    </pattern>
    <comments>
     <string />
    </comments>
   </refinement>
   <refinement>
    <name>
     <string>Public and Personnel Safety</string>
    </name>
    <pattern>
     <list>
      <symbol>Ensure</symbol>
      <symbol>safety</symbol>
      <symbol>of</symbol>
      <symbol>public</symbol>
      <symbol>and</symbol>
      <symbol>response</symbol>
      <symbol>personnel</symbol>
     </list>
    </pattern>
    <nodes>
     <list>
      <node-spec id="1">
       <pattern>
        <list>
         <symbol>Identify</symbol>
         <symbol>hazards</symbol>
         <symbol>of</symbol>
         <symbol>spilled</symbol>
         <symbol>material</symbol>
        </list>
       </pattern>
      </node-spec>
      <node-spec id="2">
       <pattern>
        <list>
         <symbol>Establish</symbol>
         <symbol>site</symbol>
         <symbol>control</symbol>
        </list>
       </pattern>
      </node-spec>
      <node-spec id="3">
       <pattern>
        <list>
         <symbol>Consider</symbol>
         <symbol>evacuations</symbol>
        </list>
       </pattern>
      </node-spec>
      <node-spec id="4">
       <pattern>
        <list>
         <symbol>Establish</symbol>
         <symbol>vehicle</symbol>
         <symbol>retrictions</symbol>
        </list>
       </pattern>
      </node-spec>
      <node-spec id="5">
       <pattern>
        <list>
         <symbol>Monitor</symbol>
         <symbol>air</symbol>
         <symbol>in</symbol>
         <symbol>affected</symbol>
         <symbol>area</symbol>
        </list>
       </pattern>
      </node-spec>
      <node-spec id="6">
       <pattern>
        <list>
         <symbol>Develop</symbol>
         <symbol>site</symbol>
         <symbol>safety</symbol>
         <symbol>and</symbol>
         <symbol>health</symbol>
         <symbol>plan</symbol>
         <symbol>for</symbol>
         <symbol>response</symbol>
         <symbol>personnel</symbol>
        </list>
       </pattern>
      </node-spec>
      <node-spec id="7">
       <pattern>
        <list>
         <symbol>Conduct</symbol>
         <symbol>safety</symbol>
         <symbol>briefings</symbol>
        </list>
       </pattern>
      </node-spec>
     </list>
    </nodes>
    <comments>
     <string />
    </comments>
   </refinement>
   <refinement>
    <name>
     <string>Initiate Wildlife team</string>
    </name>
    <pattern>
     <list>
      <symbol>initiate</symbol>
      <symbol>Wildlife</symbol>
      <symbol>team</symbol>
     </list>
    </pattern>
    <issues>
     <list>
      <issue status="blank" priority="normal">
       <pattern>
        <list>
         <symbol>what</symbol>
         <symbol>special</symbol>
         <symbol>wildlife</symbol>
         <symbol>is</symbol>
         <symbol>at</symbol>
         <symbol>risk?</symbol>
        </list>
       </pattern>
      </issue>
     </list>
    </issues>
    <comments>
     <string />
    </comments>
   </refinement>
   <refinement>
    <name>
     <string>Oil Spill Response (General)</string>
    </name>
    <pattern>
     <list>
      <symbol>Respond</symbol>
      <symbol>to</symbol>
      <symbol>oil</symbol>
      <symbol>spill</symbol>
     </list>
    </pattern>
    <nodes>
     <list>
      <node-spec id="1">
       <pattern>
        <list>
         <symbol>Ensure</symbol>
         <symbol>safety</symbol>
         <symbol>of</symbol>
         <symbol>public</symbol>
         <symbol>and</symbol>
         <symbol>response</symbol>
         <symbol>personnel</symbol>
        </list>
       </pattern>
      </node-spec>
      <node-spec id="2">
       <pattern>
        <list>
         <symbol>Control</symbol>
         <symbol>source</symbol>
         <symbol>of</symbol>
         <symbol>spill</symbol>
        </list>
       </pattern>
      </node-spec>
      <node-spec id="3">
       <pattern>
        <list>
         <symbol>Manage</symbol>
         <symbol>coordinated</symbol>
         <symbol>response</symbol>
         <symbol>effort</symbol>
        </list>
       </pattern>
      </node-spec>
      <node-spec id="4">
       <pattern>
        <list>
         <symbol>Protect</symbol>
         <symbol>environmentally</symbol>
         <symbol>sensitive</symbol>
         <symbol>areas</symbol>
        </list>
       </pattern>
      </node-spec>
      <node-spec id="5">
       <pattern>
        <list>
         <symbol>Contain</symbol>
         <symbol>and</symbol>
         <symbol>recover</symbol>
         <symbol>spilled</symbol>
         <symbol>material</symbol>
        </list>
       </pattern>
      </node-spec>
      <node-spec id="6">
       <pattern>
        <list>
         <symbol>Recover</symbol>
         <symbol>and</symbol>
         <symbol>rehabilitate</symbol>
         <symbol>injured</symbol>
         <symbol>wildlife</symbol>
        </list>
       </pattern>
      </node-spec>
      <node-spec id="7">
       <pattern>
        <list>
         <symbol>Remove</symbol>
         <symbol>oil</symbol>
         <symbol>from</symbol>
         <symbol>impacted</symbol>
         <symbol>areas</symbol>
        </list>
       </pattern>
      </node-spec>
      <node-spec id="8">
       <pattern>
        <list>
         <symbol>Minimise</symbol>
         <symbol>economic</symbol>
         <symbol>impact</symbol>
        </list>
       </pattern>
      </node-spec>
      <node-spec id="9">
       <pattern>
        <list>
         <symbol>Keep</symbol>
         <symbol>stakeholders</symbol>
         <symbol>informed</symbol>
        </list>
       </pattern>
      </node-spec>
      <node-spec id="10">
       <pattern>
        <list>
         <symbol>Keep</symbol>
         <symbol>public</symbol>
         <symbol>informed</symbol>
        </list>
       </pattern>
      </node-spec>
     </list>
    </nodes>
    <orderings>
     <list>
      <ordering>
       <from>
        <node-end-ref end="end" node="1" />
       </from>
       <to>
        <node-end-ref end="begin" node="2" />
       </to>
      </ordering>
      <ordering>
       <from>
        <node-end-ref end="end" node="2" />
       </from>
       <to>
        <node-end-ref end="begin" node="3" />
       </to>
      </ordering>
      <ordering>
       <from>
        <node-end-ref end="end" node="3" />
       </from>
       <to>
        <node-end-ref end="begin" node="4" />
       </to>
      </ordering>
      <ordering>
       <from>
        <node-end-ref end="end" node="4" />
       </from>
       <to>
        <node-end-ref end="begin" node="5" />
       </to>
      </ordering>
      <ordering>
       <from>
        <node-end-ref end="end" node="5" />
       </from>
       <to>
        <node-end-ref end="begin" node="6" />
       </to>
      </ordering>
      <ordering>
       <from>
        <node-end-ref end="end" node="6" />
       </from>
       <to>
        <node-end-ref end="begin" node="7" />
       </to>
      </ordering>
      <ordering>
       <from>
        <node-end-ref end="end" node="7" />
       </from>
       <to>
        <node-end-ref end="begin" node="8" />
       </to>
      </ordering>
      <ordering>
       <from>
        <node-end-ref end="end" node="8" />
       </from>
       <to>
        <node-end-ref end="begin" node="9" />
       </to>
      </ordering>
      <ordering>
       <from>
        <node-end-ref end="end" node="9" />
       </from>
       <to>
        <node-end-ref end="begin" node="10" />
       </to>
      </ordering>
     </list>
    </orderings>
    <comments>
     <string />
    </comments>
   </refinement>
   <refinement>
    <name>
     <string>Remove Oil from Impacted Areas</string>
    </name>
    <pattern>
     <list>
      <symbol>Remove</symbol>
      <symbol>oil</symbol>
      <symbol>from</symbol>
      <symbol>impacted</symbol>
      <symbol>areas</symbol>
     </list>
    </pattern>
    <comments>
     <string />
    </comments>
   </refinement>
   <refinement>
    <name>
     <string>3 - Present Meeting Items (loop)</string>
    </name>
    <pattern>
     <list>
      <symbol>Present</symbol>
      <symbol>Meeting</symbol>
      <symbol>Items</symbol>
      <item-var>?items</item-var>
     </list>
    </pattern>
    <variable-declarations>
     <list>
      <variable-declaration name="?issues" />
      <variable-declaration name="?item" />
      <variable-declaration name="?item-2" />
      <variable-declaration name="?items" />
      <variable-declaration name="?person" />
      <variable-declaration name="?to-do-actions" />
     </list>
    </variable-declarations>
    <nodes>
     <list>
      <node-spec id="1">
       <pattern>
        <list>
         <symbol>Present</symbol>
         <symbol>a</symbol>
         <symbol>Meeting</symbol>
         <symbol>Item</symbol>
         <item-var>?person</item-var>
         <item-var>?item</item-var>
        </list>
       </pattern>
      </node-spec>
      <node-spec id="2">
       <pattern>
        <list>
         <symbol>Raise</symbol>
         <symbol>Issues</symbol>
         <item-var>?issues</item-var>
        </list>
       </pattern>
      </node-spec>
      <node-spec id="3">
       <pattern>
        <list>
         <symbol>Decide</symbol>
         <symbol>On</symbol>
         <symbol>Actions</symbol>
         <item-var>?to-do-actions</item-var>
        </list>
       </pattern>
      </node-spec>
      <node-spec id="4">
       <pattern>
        <list>
         <symbol>Present</symbol>
         <symbol>Meeting</symbol>
         <symbol>Items</symbol>
         <item-var>?item-2</item-var>
        </list>
       </pattern>
      </node-spec>
     </list>
    </nodes>
    <orderings>
     <list>
      <ordering>
       <from>
        <node-end-ref end="end" node="1" />
       </from>
       <to>
        <node-end-ref end="begin" node="2" />
       </to>
      </ordering>
      <ordering>
       <from>
        <node-end-ref end="end" node="2" />
       </from>
       <to>
        <node-end-ref end="begin" node="3" />
       </to>
      </ordering>
      <ordering>
       <from>
        <node-end-ref end="end" node="3" />
       </from>
       <to>
        <node-end-ref end="begin" node="4" />
       </to>
      </ordering>
     </list>
    </orderings>
    <comments>
     <string>Creator: Jessica Chen-Burger
Last Revised Date: June 6th, 2003
Last Revised by: Jessica Chen-Burger
Status: under development</string>
    </comments>
   </refinement>
   <refinement>
    <name>
     <string>6 - Shutdown Meeting Environment</string>
    </name>
    <pattern>
     <list>
      <symbol>Shutdown</symbol>
      <symbol>Meeting</symbol>
      <symbol>Environment</symbol>
      <item-var>?attendance-list</item-var>
      <item-var>?group-list</item-var>
     </list>
    </pattern>
    <variable-declarations>
     <list>
      <variable-declaration name="?attendance-list" />
      <variable-declaration name="?group-list" />
     </list>
    </variable-declarations>
    <nodes>
     <list>
      <node-spec id="1">
       <pattern>
        <list>
         <symbol>Close</symbol>
         <symbol>Group</symbol>
         <symbol>Communications</symbol>
         <item-var>?group-list</item-var>
        </list>
       </pattern>
      </node-spec>
      <node-spec id="2">
       <pattern>
        <list>
         <symbol>Shutdown</symbol>
         <symbol>Personal</symbol>
         <symbol>Environment</symbol>
         <item-var>?attendance-list</item-var>
        </list>
       </pattern>
      </node-spec>
     </list>
    </nodes>
    <comments>
     <string>Creator: Jessica Chen-Burger
Last Revised Date: June 6th, 2003
Last Revised by: Jessica Chen-Burger
Status: under development</string>
    </comments>
   </refinement>
   <refinement>
    <name>
     <string>Recover and Rehabilitate Injured Wildlife</string>
    </name>
    <pattern>
     <list>
      <symbol>Recover</symbol>
      <symbol>and</symbol>
      <symbol>rehabilitate</symbol>
      <symbol>injured</symbol>
      <symbol>wildlife</symbol>
     </list>
    </pattern>
    <comments>
     <string />
    </comments>
   </refinement>
   <refinement>
    <name>
     <string>2 - Review Last Meeting</string>
    </name>
    <pattern>
     <list>
      <symbol>Review</symbol>
      <symbol>Last</symbol>
      <symbol>Meeting</symbol>
      <item-var>?item-list</item-var>
      <item-var>?actions</item-var>
     </list>
    </pattern>
    <variable-declarations>
     <list>
      <variable-declaration name="?actions" />
      <variable-declaration name="?item-list" />
     </list>
    </variable-declarations>
    <nodes>
     <list>
      <node-spec id="1">
       <pattern>
        <list>
         <symbol>Correct</symbol>
         <symbol>Minutes</symbol>
         <item-var>?item-list</item-var>
        </list>
       </pattern>
      </node-spec>
      <node-spec id="2">
       <pattern>
        <list>
         <symbol>Report</symbol>
         <symbol>On</symbol>
         <symbol>Actions</symbol>
         <symbol>Arising</symbol>
         <item-var>?actions</item-var>
        </list>
       </pattern>
      </node-spec>
     </list>
    </nodes>
    <orderings>
     <list>
      <ordering>
       <from>
        <node-end-ref end="end" node="1" />
       </from>
       <to>
        <node-end-ref end="begin" node="2" />
       </to>
      </ordering>
     </list>
    </orderings>
    <comments>
     <string>Creator: Jessica Chen-Burger
Last Revised Date: June 6th, 2003
Last Revised by: Jessica Chen-Burger
Status: under development</string>
    </comments>
   </refinement>
   <refinement>
    <name>
     <string>3.2 - Decide On Actions (loop)</string>
    </name>
    <pattern>
     <list>
      <symbol>Decide</symbol>
      <symbol>On</symbol>
      <symbol>Actions</symbol>
      <item-var>?to-do-actions</item-var>
     </list>
    </pattern>
    <variable-declarations>
     <list>
      <variable-declaration name="?agreed-actions" />
      <variable-declaration name="?arguments" />
      <variable-declaration name="?content" />
      <variable-declaration name="?decisions" />
      <variable-declaration name="?item" />
      <variable-declaration name="?options" />
      <variable-declaration name="?to-do-actions" />
     </list>
    </variable-declarations>
    <nodes>
     <list>
      <node-spec id="1">
       <pattern>
        <list>
         <symbol>Establish</symbol>
         <symbol>Task/goal/evaluation</symbol>
         <symbol>Criteria</symbol>
         <item-var>?content</item-var>
        </list>
       </pattern>
      </node-spec>
      <node-spec id="2">
       <pattern>
        <list>
         <symbol>Generate</symbol>
         <symbol>Options</symbol>
         <item-var>?options</item-var>
        </list>
       </pattern>
      </node-spec>
      <node-spec id="3">
       <pattern>
        <list>
         <symbol>Make</symbol>
         <symbol>Arguments</symbol>
         <item-var>?arguments</item-var>
        </list>
       </pattern>
      </node-spec>
      <node-spec id="4">
       <pattern>
        <list>
         <symbol>Evaluate</symbol>
         <symbol>Options</symbol>
         <item-var>?options</item-var>
        </list>
       </pattern>
      </node-spec>
      <node-spec id="5">
       <pattern>
        <list>
         <symbol>Make</symbol>
         <symbol>Decision</symbol>
         <item-var>?decisions</item-var>
        </list>
       </pattern>
      </node-spec>
      <node-spec id="6">
       <pattern>
        <list>
         <symbol>Agree</symbol>
         <symbol>Action</symbol>
         <symbol>Items</symbol>
         <item-var>?agreed-actions</item-var>
        </list>
       </pattern>
      </node-spec>
      <node-spec id="7">
       <pattern>
        <list>
         <symbol>Decide</symbol>
         <symbol>On</symbol>
         <symbol>Item</symbol>
         <item-var>?item</item-var>
        </list>
       </pattern>
      </node-spec>
     </list>
    </nodes>
    <orderings>
     <list>
      <ordering>
       <from>
        <node-end-ref end="end" node="1" />
       </from>
       <to>
        <node-end-ref end="begin" node="2" />
       </to>
      </ordering>
      <ordering>
       <from>
        <node-end-ref end="end" node="2" />
       </from>
       <to>
        <node-end-ref end="begin" node="3" />
       </to>
      </ordering>
      <ordering>
       <from>
        <node-end-ref end="end" node="3" />
       </from>
       <to>
        <node-end-ref end="begin" node="4" />
       </to>
      </ordering>
      <ordering>
       <from>
        <node-end-ref end="end" node="4" />
       </from>
       <to>
        <node-end-ref end="begin" node="5" />
       </to>
      </ordering>
      <ordering>
       <from>
        <node-end-ref end="end" node="5" />
       </from>
       <to>
        <node-end-ref end="begin" node="6" />
       </to>
      </ordering>
      <ordering>
       <from>
        <node-end-ref end="end" node="6" />
       </from>
       <to>
        <node-end-ref end="begin" node="7" />
       </to>
      </ordering>
     </list>
    </orderings>
    <comments>
     <string>Creator: Jessica Chen-Burger
Last Revised Date: June 6th, 2003
Last Revised by: Jessica Chen-Burger
Status: under development</string>
    </comments>
   </refinement>
   <refinement>
    <name>
     <string>Control spill source</string>
    </name>
    <pattern>
     <list>
      <symbol>control</symbol>
      <symbol>source</symbol>
      <symbol>of</symbol>
      <symbol>spill</symbol>
     </list>
    </pattern>
    <nodes>
     <list>
      <node-spec id="1">
       <pattern>
        <list>
         <symbol>attempt</symbol>
         <symbol>emergency</symbol>
         <symbol>shutdown</symbol>
        </list>
       </pattern>
      </node-spec>
      <node-spec id="2">
       <pattern>
        <list>
         <symbol>consider</symbol>
         <symbol>deployment</symbol>
         <symbol>of</symbol>
         <symbol>fire-fighting</symbol>
         <symbol>team</symbol>
        </list>
       </pattern>
      </node-spec>
      <node-spec id="3">
       <pattern>
        <list>
         <symbol>consider</symbol>
         <symbol>deployment</symbol>
         <symbol>of</symbol>
         <symbol>HazMat</symbol>
         <symbol>team</symbol>
        </list>
       </pattern>
      </node-spec>
      <node-spec id="4">
       <pattern>
        <list>
         <symbol>initiate</symbol>
         <symbol>temporary</symbol>
         <symbol>repairs</symbol>
        </list>
       </pattern>
      </node-spec>
      <node-spec id="5">
       <pattern>
        <list>
         <symbol>initiate</symbol>
         <symbol>salvage</symbol>
         <symbol>procedures</symbol>
        </list>
       </pattern>
      </node-spec>
     </list>
    </nodes>
    <orderings>
     <list>
      <ordering>
       <from>
        <node-end-ref end="end" node="1" />
       </from>
       <to>
        <node-end-ref end="begin" node="4" />
       </to>
      </ordering>
      <ordering>
       <from>
        <node-end-ref end="end" node="2" />
       </from>
       <to>
        <node-end-ref end="begin" node="4" />
       </to>
      </ordering>
      <ordering>
       <from>
        <node-end-ref end="end" node="3" />
       </from>
       <to>
        <node-end-ref end="begin" node="4" />
       </to>
      </ordering>
      <ordering>
       <from>
        <node-end-ref end="end" node="4" />
       </from>
       <to>
        <node-end-ref end="begin" node="5" />
       </to>
      </ordering>
     </list>
    </orderings>
    <issues>
     <list>
      <issue status="blank" priority="normal">
       <pattern>
        <list>
         <symbol>Is</symbol>
         <symbol>source/spill</symbol>
         <symbol>on</symbol>
         <symbol>fire?</symbol>
        </list>
       </pattern>
      </issue>
      <issue status="blank" priority="normal">
       <pattern>
        <list>
         <symbol>What</symbol>
         <symbol>is</symbol>
         <symbol>the</symbol>
         <symbol>nature</symbol>
         <symbol>of</symbol>
         <symbol>the</symbol>
         <symbol>spilled</symbol>
         <symbol>material?</symbol>
        </list>
       </pattern>
      </issue>
     </list>
    </issues>
    <comments>
     <string />
    </comments>
   </refinement>
   <refinement>
    <name>
     <string>Deploy Hazmat team</string>
    </name>
    <pattern>
     <list>
      <symbol>consider</symbol>
      <symbol>deployment</symbol>
      <symbol>of</symbol>
      <symbol>HazMat</symbol>
      <symbol>team</symbol>
     </list>
    </pattern>
    <nodes>
     <list>
      <node-spec id="1">
       <pattern>
        <list>
         <symbol>get</symbol>
         <symbol>hazard</symbol>
         <symbol>assessment</symbol>
        </list>
       </pattern>
      </node-spec>
      <node-spec id="2">
       <pattern>
        <list>
         <symbol>invoke</symbol>
         <symbol>HazMat</symbol>
         <symbol>team</symbol>
        </list>
       </pattern>
      </node-spec>
     </list>
    </nodes>
    <constraints>
     <list>
      <constraint type="world-state" relation="condition">
       <parameters>
        <list>
         <pattern-assignment>
          <pattern>
           <list>
            <symbol>assessment</symbol>
            <symbol>oil</symbol>
           </list>
          </pattern>
          <value>
           <symbol>hazardous</symbol>
          </value>
         </pattern-assignment>
        </list>
       </parameters>
      </constraint>
     </list>
    </constraints>
    <issues>
     <list>
      <issue status="blank" priority="normal">
       <pattern>
        <list>
         <symbol>what</symbol>
         <symbol>are</symbol>
         <symbol>constituents</symbol>
         <symbol>of</symbol>
         <symbol>spill?</symbol>
        </list>
       </pattern>
      </issue>
      <issue status="blank" priority="normal">
       <pattern>
        <list>
         <symbol>what</symbol>
         <symbol>area</symbol>
         <symbol>is</symbol>
         <symbol>affected?</symbol>
        </list>
       </pattern>
      </issue>
     </list>
    </issues>
    <comments>
     <string />
    </comments>
   </refinement>
   <refinement>
    <name>
     <string>Maximise Protection of Environmentally Sensitive Areas</string>
    </name>
    <pattern>
     <list>
      <symbol>Protect</symbol>
      <symbol>environmentally</symbol>
      <symbol>sensitive</symbol>
      <symbol>areas</symbol>
     </list>
    </pattern>
    <comments>
     <string />
    </comments>
   </refinement>
   <refinement>
    <name>
     <string>Initiate Recovery and Protection team</string>
    </name>
    <pattern>
     <list>
      <symbol>initiate</symbol>
      <symbol>Recovery</symbol>
      <symbol>and</symbol>
      <symbol>Protection</symbol>
      <symbol>team</symbol>
     </list>
    </pattern>
    <issues>
     <list>
      <issue status="blank" priority="normal">
       <pattern>
        <list>
         <symbol>is</symbol>
         <symbol>spill</symbol>
         <symbol>coming</symbol>
         <symbol>ashore/likely</symbol>
         <symbol>to</symbol>
         <symbol>come</symbol>
         <symbol>ashore?</symbol>
        </list>
       </pattern>
      </issue>
     </list>
    </issues>
    <comments>
     <string />
    </comments>
   </refinement>
   <refinement>
    <name>
     <string>1.2 - Establish Group Communication</string>
    </name>
    <pattern>
     <list>
      <symbol>Establish</symbol>
      <symbol>Group</symbol>
      <symbol>Communication</symbol>
      <item-var>?group-list</item-var>
     </list>
    </pattern>
    <variable-declarations>
     <list>
      <variable-declaration name="?group-list" />
     </list>
    </variable-declarations>
    <nodes>
     <list>
      <node-spec id="1">
       <pattern>
        <list>
         <symbol>Start</symbol>
         <symbol>NetMeeting</symbol>
        </list>
       </pattern>
      </node-spec>
      <node-spec id="2">
       <pattern>
        <list>
         <symbol>Join</symbol>
         <symbol>MCU</symbol>
         <symbol>conference</symbol>
        </list>
       </pattern>
      </node-spec>
      <node-spec id="3">
       <pattern>
        <list>
         <symbol>Join</symbol>
         <symbol>Teleconference</symbol>
         <symbol>[</symbol>
         <symbol>optional</symbol>
         <symbol>]</symbol>
        </list>
       </pattern>
      </node-spec>
     </list>
    </nodes>
    <comments>
     <string>Creator: Jessica Chen-Burger
Last Revised Date: June 6th, 2003
Last Revised by: Jessica Chen-Burger
Status: under development</string>
    </comments>
   </refinement>
   <refinement>
    <name>
     <string>Keep Public Informed of Response Activities</string>
    </name>
    <pattern>
     <list>
      <symbol>Keep</symbol>
      <symbol>public</symbol>
      <symbol>informed</symbol>
     </list>
    </pattern>
    <comments>
     <string />
    </comments>
   </refinement>
   <refinement>
    <name>
     <string>Initiate Operations Section Response</string>
    </name>
    <pattern>
     <list>
      <symbol>initiate</symbol>
      <symbol>Operations</symbol>
      <symbol>Section</symbol>
      <symbol>response</symbol>
     </list>
    </pattern>
    <nodes>
     <list>
      <node-spec id="1">
       <pattern>
        <list>
         <symbol>ensure</symbol>
         <symbol>safety</symbol>
         <symbol>of</symbol>
         <symbol>public</symbol>
         <symbol>and</symbol>
         <symbol>response</symbol>
         <symbol>personnel</symbol>
        </list>
       </pattern>
      </node-spec>
      <node-spec id="2">
       <pattern>
        <list>
         <symbol>control</symbol>
         <symbol>source</symbol>
         <symbol>of</symbol>
         <symbol>spill</symbol>
        </list>
       </pattern>
      </node-spec>
      <node-spec id="3">
       <pattern>
        <list>
         <symbol>initiate</symbol>
         <symbol>Recovery</symbol>
         <symbol>and</symbol>
         <symbol>Protection</symbol>
         <symbol>team</symbol>
        </list>
       </pattern>
      </node-spec>
      <node-spec id="4">
       <pattern>
        <list>
         <symbol>initiate</symbol>
         <symbol>Wildlife</symbol>
         <symbol>team</symbol>
        </list>
       </pattern>
      </node-spec>
     </list>
    </nodes>
    <orderings>
     <list>
      <ordering>
       <from>
        <node-end-ref end="end" node="1" />
       </from>
       <to>
        <node-end-ref end="begin" node="3" />
       </to>
      </ordering>
      <ordering>
       <from>
        <node-end-ref end="end" node="2" />
       </from>
       <to>
        <node-end-ref end="begin" node="3" />
       </to>
      </ordering>
      <ordering>
       <from>
        <node-end-ref end="end" node="1" />
       </from>
       <to>
        <node-end-ref end="begin" node="4" />
       </to>
      </ordering>
      <ordering>
       <from>
        <node-end-ref end="end" node="2" />
       </from>
       <to>
        <node-end-ref end="begin" node="4" />
       </to>
      </ordering>
     </list>
    </orderings>
    <comments>
     <string />
    </comments>
   </refinement>
   <refinement>
    <name>
     <string>a2 - Join MCU Conference</string>
    </name>
    <pattern>
     <list>
      <symbol>Join</symbol>
      <symbol>MCU</symbol>
      <symbol>Conference</symbol>
     </list>
    </pattern>
    <nodes>
     <list>
      <node-spec id="1">
       <pattern>
        <list>
         <symbol>Connect</symbol>
         <symbol>using</symbol>
         <symbol>NetMeeting/H323</symbol>
         <symbol>Client</symbol>
        </list>
       </pattern>
      </node-spec>
     </list>
    </nodes>
    <issues>
     <list>
      <issue status="blank" priority="normal">
       <pattern>
        <list>
         <symbol>Does</symbol>
         <symbol>everyone</symbol>
         <symbol>have</symbol>
         <symbol>meeting</symbol>
         <symbol>no.?</symbol>
         <symbol>[</symbol>
         <long>60222</long>
         <symbol>]</symbol>
        </list>
       </pattern>
      </issue>
      <issue status="blank" priority="normal">
       <pattern>
        <list>
         <symbol>Does</symbol>
         <symbol>everyone</symbol>
         <symbol>have</symbol>
         <symbol>address?</symbol>
         <symbol>[</symbol>
         <symbol>mcu.kmi.open.ac.uk</symbol>
         <symbol>]</symbol>
        </list>
       </pattern>
      </issue>
     </list>
    </issues>
    <comments>
     <string>Creator: Steve Potter
Last Revised Date: June 6th, 2003
Last Revised by: Jessica Chen-Burger
Status: under development</string>
    </comments>
   </refinement>
   <refinement>
    <name>
     <string>b0 - Break Out Into Groups</string>
    </name>
    <pattern>
     <list>
      <symbol>Break</symbol>
      <symbol>Out</symbol>
      <symbol>Into</symbol>
      <symbol>Groups</symbol>
      <item-var>?Project</item-var>
      <item-var>?date</item-var>
     </list>
    </pattern>
    <variable-declarations>
     <list>
      <variable-declaration name="?Project" />
      <variable-declaration name="?date" />
      <variable-declaration name="?personnel-1" />
      <variable-declaration name="?personnel-2" />
      <variable-declaration name="?personnel-3" />
     </list>
    </variable-declarations>
    <nodes>
     <list>
      <node-spec id="1">
       <pattern>
        <list>
         <symbol>Create</symbol>
         <symbol>Ontology</symbol>
         <item-var>?personnel-1</item-var>
        </list>
       </pattern>
      </node-spec>
      <node-spec id="2">
       <pattern>
        <list>
         <symbol>Hold</symbol>
         <symbol>Technology</symbol>
         <symbol>Integration</symbol>
         <symbol>Session</symbol>
         <item-var>?personnel-2</item-var>
        </list>
       </pattern>
      </node-spec>
      <node-spec id="3">
       <pattern>
        <list>
         <symbol>Discuss</symbol>
         <symbol>Other</symbol>
         <symbol>Technical</symbol>
         <symbol>Issues</symbol>
         <item-var>?personnel-3</item-var>
        </list>
       </pattern>
      </node-spec>
     </list>
    </nodes>
    <comments>
     <string>Creator: Austin Tate
Last Revised Date: June 6th, 2003
Last Revised by: Jessica Chen-Burger
Status: under development</string>
    </comments>
   </refinement>
   <refinement>
    <name>
     <string>0 - Hold Meeting [via Teleconferencing]</string>
    </name>
    <pattern>
     <list>
      <symbol>Hold</symbol>
      <symbol>Meeting</symbol>
      <item-var>?id</item-var>
      <item-var>?date</item-var>
      <item-var>?attendance-list</item-var>
      <item-var>?group-list</item-var>
     </list>
    </pattern>
    <variable-declarations>
     <list>
      <variable-declaration name="?aob" />
      <variable-declaration name="?attendance-list" />
      <variable-declaration name="?date" />
      <variable-declaration name="?group-list" />
      <variable-declaration name="?id" />
      <variable-declaration name="?items" />
      <variable-declaration name="?last-date" />
      <variable-declaration name="?last-meeting-id" />
      <variable-declaration name="?next-date" />
      <variable-declaration name="?next-id" />
      <variable-declaration name="?person" />
     </list>
    </variable-declarations>
    <nodes>
     <list>
      <node-spec id="1">
       <pattern>
        <list>
         <symbol>Set-Up</symbol>
         <symbol>Meeting</symbol>
         <symbol>Environment</symbol>
         <item-var>?attendance-list</item-var>
         <item-var>?group-list</item-var>
        </list>
       </pattern>
      </node-spec>
      <node-spec id="2">
       <pattern>
        <list>
         <symbol>Review</symbol>
         <symbol>Last</symbol>
         <symbol>Meeting</symbol>
         <item-var>?last-meeting-id</item-var>
         <item-var>?last-date</item-var>
        </list>
       </pattern>
      </node-spec>
      <node-spec id="3">
       <pattern>
        <list>
         <symbol>Present</symbol>
         <symbol>Meeting</symbol>
         <symbol>Items</symbol>
         <item-var>?items</item-var>
        </list>
       </pattern>
      </node-spec>
      <node-spec id="4">
       <pattern>
        <list>
         <symbol>Raise</symbol>
         <symbol>AOB</symbol>
         <list>
          <symbol>Any</symbol>
          <symbol>Other</symbol>
          <symbol>Business</symbol>
         </list>
         <item-var>?person</item-var>
         <item-var>?aob</item-var>
        </list>
       </pattern>
      </node-spec>
      <node-spec id="5">
       <pattern>
        <list>
         <symbol>Agree</symbol>
         <symbol>Date</symbol>
         <symbol>of</symbol>
         <symbol>Next</symbol>
         <symbol>Meeting</symbol>
         <item-var>?next-id</item-var>
         <item-var>?next-date</item-var>
        </list>
       </pattern>
      </node-spec>
      <node-spec id="6">
       <pattern>
        <list>
         <symbol>Shutdown</symbol>
         <symbol>Meeting</symbol>
         <symbol>Environment</symbol>
         <item-var>?attendance-list</item-var>
         <item-var>?group-list</item-var>
        </list>
       </pattern>
      </node-spec>
     </list>
    </nodes>
    <orderings>
     <list>
      <ordering>
       <from>
        <node-end-ref end="end" node="1" />
       </from>
       <to>
        <node-end-ref end="begin" node="2" />
       </to>
      </ordering>
      <ordering>
       <from>
        <node-end-ref end="end" node="2" />
       </from>
       <to>
        <node-end-ref end="begin" node="3" />
       </to>
      </ordering>
      <ordering>
       <from>
        <node-end-ref end="end" node="3" />
       </from>
       <to>
        <node-end-ref end="begin" node="4" />
       </to>
      </ordering>
      <ordering>
       <from>
        <node-end-ref end="end" node="4" />
       </from>
       <to>
        <node-end-ref end="begin" node="5" />
       </to>
      </ordering>
      <ordering>
       <from>
        <node-end-ref end="end" node="5" />
       </from>
       <to>
        <node-end-ref end="begin" node="6" />
       </to>
      </ordering>
     </list>
    </orderings>
    <comments>
     <string>Creator: Jessica Chen-Burger
Last Revised Date: June 6th, 2003
Last Revised by: Jessica Chen-Burger
Status: under development</string>
    </comments>
   </refinement>
   <refinement>
    <name>
     <string>Control Source of Spill</string>
    </name>
    <pattern>
     <list>
      <symbol>Control</symbol>
      <symbol>source</symbol>
      <symbol>of</symbol>
      <symbol>the</symbol>
      <symbol>spill</symbol>
     </list>
    </pattern>
    <comments>
     <string />
    </comments>
   </refinement>
   <refinement>
    <name>
     <string>a3 - Start Compendium</string>
    </name>
    <pattern>
     <list>
      <symbol>Start</symbol>
      <symbol>Compendium</symbol>
     </list>
    </pattern>
    <nodes>
     <list>
      <node-spec id="1">
       <pattern>
        <list>
         <symbol>Run</symbol>
         <symbol>CompendiumP2P</symbol>
        </list>
       </pattern>
      </node-spec>
      <node-spec id="2">
       <pattern>
        <list>
         <symbol>Select</symbol>
         <symbol>PI</symbol>
         <symbol>NetMeeting</symbol>
         <symbol>Map</symbol>
        </list>
       </pattern>
      </node-spec>
      <node-spec id="3">
       <pattern>
        <list>
         <symbol>Establish</symbol>
         <symbol>P2P</symbol>
         <symbol>Connection</symbol>
        </list>
       </pattern>
      </node-spec>
     </list>
    </nodes>
    <orderings>
     <list>
      <ordering>
       <from>
        <node-end-ref end="end" node="1" />
       </from>
       <to>
        <node-end-ref end="begin" node="2" />
       </to>
      </ordering>
      <ordering>
       <from>
        <node-end-ref end="end" node="2" />
       </from>
       <to>
        <node-end-ref end="begin" node="3" />
       </to>
      </ordering>
     </list>
    </orderings>
    <issues>
     <list>
      <issue status="blank" priority="normal">
       <pattern>
        <list>
         <symbol>CP2P</symbol>
         <symbol>username/password?</symbol>
         <symbol>[</symbol>
         <symbol>Administrator/sysadmin</symbol>
         <symbol>]</symbol>
        </list>
       </pattern>
      </issue>
      <issue status="blank" priority="normal">
       <pattern>
        <list>
         <symbol>P2P</symbol>
         <symbol>connection</symbol>
         <symbol>login/password?</symbol>
         <symbol>[</symbol>
         <symbol>XXX-comp1/compy</symbol>
         <symbol>]</symbol>
        </list>
       </pattern>
      </issue>
     </list>
    </issues>
    <comments>
     <string>Creator: Steve Potter
Last Revised Date: June 6th, 2003
Last Revised by: Jessica Chen-Burger
Status: under development</string>
    </comments>
   </refinement>
   <refinement>
    <name>
     <string>Contain and Recover Spilled Material</string>
    </name>
    <pattern>
     <list>
      <symbol>Contain</symbol>
      <symbol>and</symbol>
      <symbol>recover</symbol>
      <symbol>spilled</symbol>
      <symbol>material</symbol>
     </list>
    </pattern>
    <comments>
     <string />
    </comments>
   </refinement>
   <refinement>
    <name>
     <string>Minimise Economic Impacts</string>
    </name>
    <pattern>
     <list>
      <symbol>Minimise</symbol>
      <symbol>economic</symbol>
      <symbol>impacts</symbol>
     </list>
    </pattern>
    <comments>
     <string />
    </comments>
   </refinement>
   <refinement>
    <name>
     <string>Get latest weather report</string>
    </name>
    <pattern>
     <list>
      <symbol>get</symbol>
      <symbol>local</symbol>
      <symbol>weather</symbol>
     </list>
    </pattern>
    <nodes>
     <list>
      <node-spec id="1">
       <pattern>
        <list>
         <symbol>get-weather-station</symbol>
         <item-var>?location</item-var>
        </list>
       </pattern>
      </node-spec>
      <node-spec id="2">
       <pattern>
        <list>
         <symbol>get-weather-report</symbol>
         <item-var>?code</item-var>
        </list>
       </pattern>
      </node-spec>
     </list>
    </nodes>
    <comments>
     <string />
    </comments>
   </refinement>
  </list>
 </refinements>
</domain>

