<?xml version="1.0" encoding="UTF-8"?>
<plan xmlns="http://www.aiai.ed.ac.uk/project/ix/">
 <plan-nodes>
  <list>
   <plan-node id="node-0">
    <activity>
     <activity status="complete" priority="normal" id="http://spottisvax.nonet/foo/euIYh1j/2tGw5_li7Cy/activity-0">
      <pattern>
       <list>
        <symbol>lookup-hospitals</symbol>
       </list>
      </pattern>
      <annotations>
       <map>
        <map-entry>
         <key>
          <symbol>forwarded-to</symbol>
         </key>
         <value>
          <name>hospitals</name>
         </value>
        </map-entry>
        <map-entry>
         <key>
          <symbol>comments</symbol>
         </key>
         <value>
          <string>Report from hospitals ref=activity-0 type=progress: "Received by hospitals, 29-Sep-03 21:10:26"
Report from hospitals ref=activity-0 type=progress: "Getting data about ARABELLO"
Report from hospitals ref=activity-0 type=progress: "Getting data about BINNI"
Report from hospitals ref=activity-0 type=progress: "Getting data about AGADEZ"
Report from hospitals ref=activity-0 type=progress: "Getting data about GAO"
Report from hospitals ref=activity-0 type=progress: "Found hospital Djebello El
Djebello El
  nc-ARABELLO#DjebelloEl
  Type: Hospital
   Location: country = Arabello, latitude = 20.371, longitude = 40.006
  Capabilities: IntensiveCare, GeneralHealth, GeneralMedicine, Gynecology, Obstetrics, Pediatrics, Psychiatry, Psychology, Neurology, Surgery"
Report from hospitals ref=activity-0 type=progress: "Found hospital Al-Halal El
Al-Halal El
  nc-AGADEZ#Al-HalalEl
  Type: Hospital
   Location: country = Agadez, latitude = 14.094, longitude = 31.225
  Capabilities: IntensiveCare, GeneralHealth, GeneralMedicine, Obstetrics, Pediatrics, Psychiatry, Psychology, Neurology, Surgery"
Report from hospitals ref=activity-0 type=progress: "Problem with data from hospital geonames?f315848: IllegalArgumentException: Cannot get location of HUCKSTEPHOSPITAL"
Report from hospitals ref=activity-0 type=progress: "Found hospital Ugwulu El
Ugwulu El
  nc-BINNI#UgwuluEl
  Type: Hospital
   Location: country = Binni, latitude = 17.3241, longitude = 33.0457
  Capabilities: IntensiveCare, BurnCare, GeneralHealth, GeneralMedicine, Obstetrics, Pediatrics, Psychology, Neurology, Surgery"
Report from hospitals ref=activity-0 type=progress: "Found hospital Gahwad El
Gahwad El
  nc-ARABELLO#GahwadEl
  Type: Hospital
   Location: country = Arabello, latitude = 19.25, longitude = 42.4
  Capabilities: IntensiveCare, BurnCare, GeneralHealth, GeneralMedicine, Cardiology, Hematology, Immunology, Radiology, Surgery"
Report from hospitals ref=activity-0 type=progress: "Found hospital Wadi El
Wadi El
  nc-GAO#WadiEl
  Type: Hospital
   Location: country = Gao, latitude = 21.53, longitude = 31.264
  Capabilities: IntensiveCare, GeneralHealth, GeneralMedicine, Obstetrics, Pediatrics, Psychology, Neurology, Surgery"
Report from hospitals ref=activity-0 type=progress: "Found hospital Saywun El
Saywun El
  nc-ARABELLO#SaywunEl
  Type: Dispensary
   Location: country = Arabello, latitude = 17.1133, longitude = 43.05
  Capabilities: GeneralHealth"
Report from hospitals ref=activity-0 type=progress: "Found hospital Laki El
Laki El
  nc-BINNI#LakiEl
  Type: MedicalCenter
   Location: country = Binni, latitude = 16.5502, longitude = 36.5006
  Capabilities: IntensiveCare, BurnCare, GeneralHealth, GeneralMedicine, Cardiology, Gastroenterology, Gynecology, Hematology, Immunology, Obstetrics, Pediatrics, Psychiatry, Psychology, Radiology, Neurology, Surgery"
Report from hospitals ref=activity-0 type=progress: "Found hospital Wawa El
Wawa El
  nc-GAO#WawaEl
  Type: MedicalCenter
   Location: country = Gao, latitude = 18.542, longitude = 30.542
  Capabilities: IntensiveCare, BurnCare, GeneralHealth, GeneralMedicine, Cardiology, Gastroenterology, Gynecology, Hematology, Immunology, Obstetrics, Pediatrics, Psychiatry, Psychology, Radiology, Neurology, Surgery"
Report from hospitals ref=activity-0 type=progress: "Found hospital Tum El
Tum El
  nc-AGADEZ#TumEl
  Type: MedicalCenter
   Location: country = Agadez, latitude = 9.0235, longitude = 39.125
  Capabilities: IntensiveCare, BurnCare, GeneralHealth, GeneralMedicine, Cardiology, Gynecology, Hematology, Immunology, Obstetrics, Pediatrics, Psychiatry, Psychology, Radiology, Neurology, Surgery"
Report from hospitals ref=activity-0 type=progress: "Found hospital Riyadell Med Center
Riyadell Med Center
  nc-ARABELLO#RiyadellMedCenter
  Type: MedicalCenter
   Location: country = Arabello, latitude = 24.6408333, longitude = 46.7727778
  Capabilities: IntensiveCare, BurnCare, GeneralHealth, GeneralMedicine, Cardiology, Gastroenterology, Gynecology, Hematology, Immunology, Obstetrics, Pediatrics, Psychiatry, Psychology, Radiology, Neurology, Surgery"
Report from hospitals ref=activity-0 type=progress: "Found hospital Abul El
Abul El
  nc-ARABELLO#AbulEl
  Type: Clinic
   Location: country = Arabello, latitude = 22.2405, longitude = 39.1013
  Capabilities: GeneralHealth, GeneralMedicine, Immunology, Pediatrics"
Report from hospitals ref=activity-0 type=success: "Finished -- 12 hospitals considered, 11 matches."
</string>
         </value>
        </map-entry>
       </map>
      </annotations>
     </activity>
    </activity>
   </plan-node>
  </list>
 </plan-nodes>
 <world-state>
  <list>
   <pattern-assignment>
    <pattern>
     <list>
      <symbol>medical-capability</symbol>
      <string>Riyadell Med Center</string>
      <string>Radiology</string>
     </list>
    </pattern>
    <value>
     <symbol>true</symbol>
    </value>
   </pattern-assignment>
   <pattern-assignment>
    <pattern>
     <list>
      <symbol>latitude</symbol>
      <string>Saywun El</string>
     </list>
    </pattern>
    <value>
     <double>17.1133</double>
    </value>
   </pattern-assignment>
   <pattern-assignment>
    <pattern>
     <list>
      <symbol>medical-capability</symbol>
      <string>Wawa El</string>
      <string>Gastroenterology</string>
     </list>
    </pattern>
    <value>
     <symbol>true</symbol>
    </value>
   </pattern-assignment>
   <pattern-assignment>
    <pattern>
     <list>
      <symbol>country</symbol>
      <string>Djebello El</string>
     </list>
    </pattern>
    <value>
     <string>Arabello</string>
    </value>
   </pattern-assignment>
   <pattern-assignment>
    <pattern>
     <list>
      <symbol>longitude</symbol>
      <string>Wadi El</string>
     </list>
    </pattern>
    <value>
     <double>31.264</double>
    </value>
   </pattern-assignment>
   <pattern-assignment>
    <pattern>
     <list>
      <symbol>medical-capability</symbol>
      <string>Gahwad El</string>
      <string>Radiology</string>
     </list>
    </pattern>
    <value>
     <symbol>true</symbol>
    </value>
   </pattern-assignment>
   <pattern-assignment>
    <pattern>
     <list>
      <symbol>medical-capability</symbol>
      <string>Wadi El</string>
      <string>Surgery</string>
     </list>
    </pattern>
    <value>
     <symbol>true</symbol>
    </value>
   </pattern-assignment>
   <pattern-assignment>
    <pattern>
     <list>
      <symbol>hospital</symbol>
      <string>Wadi El</string>
     </list>
    </pattern>
    <value>
     <symbol>true</symbol>
    </value>
   </pattern-assignment>
   <pattern-assignment>
    <pattern>
     <list>
      <symbol>medical-capability</symbol>
      <string>Tum El</string>
      <string>Immunology</string>
     </list>
    </pattern>
    <value>
     <symbol>true</symbol>
    </value>
   </pattern-assignment>
   <pattern-assignment>
    <pattern>
     <list>
      <symbol>type</symbol>
      <string>Gahwad El</string>
     </list>
    </pattern>
    <value>
     <string>Hospital</string>
    </value>
   </pattern-assignment>
   <pattern-assignment>
    <pattern>
     <list>
      <symbol>medical-capability</symbol>
      <string>Riyadell Med Center</string>
      <string>Gynecology</string>
     </list>
    </pattern>
    <value>
     <symbol>true</symbol>
    </value>
   </pattern-assignment>
   <pattern-assignment>
    <pattern>
     <list>
      <symbol>medical-capability</symbol>
      <string>Wadi El</string>
      <string>GeneralHealth</string>
     </list>
    </pattern>
    <value>
     <symbol>true</symbol>
    </value>
   </pattern-assignment>
   <pattern-assignment>
    <pattern>
     <list>
      <symbol>medical-capability</symbol>
      <string>Al-Halal El</string>
      <string>Psychology</string>
     </list>
    </pattern>
    <value>
     <symbol>true</symbol>
    </value>
   </pattern-assignment>
   <pattern-assignment>
    <pattern>
     <list>
      <symbol>medical-capability</symbol>
      <string>Wawa El</string>
      <string>GeneralMedicine</string>
     </list>
    </pattern>
    <value>
     <symbol>true</symbol>
    </value>
   </pattern-assignment>
   <pattern-assignment>
    <pattern>
     <list>
      <symbol>latitude</symbol>
      <string>Ugwulu El</string>
     </list>
    </pattern>
    <value>
     <double>17.3241</double>
    </value>
   </pattern-assignment>
   <pattern-assignment>
    <pattern>
     <list>
      <symbol>medical-capability</symbol>
      <string>Tum El</string>
      <string>Psychiatry</string>
     </list>
    </pattern>
    <value>
     <symbol>true</symbol>
    </value>
   </pattern-assignment>
   <pattern-assignment>
    <pattern>
     <list>
      <symbol>type</symbol>
      <string>Saywun El</string>
     </list>
    </pattern>
    <value>
     <string>Dispensary</string>
    </value>
   </pattern-assignment>
   <pattern-assignment>
    <pattern>
     <list>
      <symbol>medical-capability</symbol>
      <string>Wawa El</string>
      <string>Surgery</string>
     </list>
    </pattern>
    <value>
     <symbol>true</symbol>
    </value>
   </pattern-assignment>
   <pattern-assignment>
    <pattern>
     <list>
      <symbol>medical-capability</symbol>
      <string>Tum El</string>
      <string>BurnCare</string>
     </list>
    </pattern>
    <value>
     <symbol>true</symbol>
    </value>
   </pattern-assignment>
   <pattern-assignment>
    <pattern>
     <list>
      <symbol>medical-capability</symbol>
      <string>Wawa El</string>
      <string>Neurology</string>
     </list>
    </pattern>
    <value>
     <symbol>true</symbol>
    </value>
   </pattern-assignment>
   <pattern-assignment>
    <pattern>
     <list>
      <symbol>medical-capability</symbol>
      <string>Ugwulu El</string>
      <string>Pediatrics</string>
     </list>
    </pattern>
    <value>
     <symbol>true</symbol>
    </value>
   </pattern-assignment>
   <pattern-assignment>
    <pattern>
     <list>
      <symbol>medical-capability</symbol>
      <string>Djebello El</string>
      <string>Psychiatry</string>
     </list>
    </pattern>
    <value>
     <symbol>true</symbol>
    </value>
   </pattern-assignment>
   <pattern-assignment>
    <pattern>
     <list>
      <symbol>medical-capability</symbol>
      <string>Wawa El</string>
      <string>IntensiveCare</string>
     </list>
    </pattern>
    <value>
     <symbol>true</symbol>
    </value>
   </pattern-assignment>
   <pattern-assignment>
    <pattern>
     <list>
      <symbol>latitude</symbol>
      <string>Riyadell Med Center</string>
     </list>
    </pattern>
    <value>
     <double>24.6408333</double>
    </value>
   </pattern-assignment>
   <pattern-assignment>
    <pattern>
     <list>
      <symbol>medical-capability</symbol>
      <string>Riyadell Med Center</string>
      <string>Pediatrics</string>
     </list>
    </pattern>
    <value>
     <symbol>true</symbol>
    </value>
   </pattern-assignment>
   <pattern-assignment>
    <pattern>
     <list>
      <symbol>medical-capability</symbol>
      <string>Laki El</string>
      <string>Immunology</string>
     </list>
    </pattern>
    <value>
     <symbol>true</symbol>
    </value>
   </pattern-assignment>
   <pattern-assignment>
    <pattern>
     <list>
      <symbol>medical-capability</symbol>
      <string>Al-Halal El</string>
      <string>GeneralMedicine</string>
     </list>
    </pattern>
    <value>
     <symbol>true</symbol>
    </value>
   </pattern-assignment>
   <pattern-assignment>
    <pattern>
     <list>
      <symbol>medical-capability</symbol>
      <string>Wawa El</string>
      <string>Hematology</string>
     </list>
    </pattern>
    <value>
     <symbol>true</symbol>
    </value>
   </pattern-assignment>
   <pattern-assignment>
    <pattern>
     <list>
      <symbol>type</symbol>
      <string>Ugwulu El</string>
     </list>
    </pattern>
    <value>
     <string>Hospital</string>
    </value>
   </pattern-assignment>
   <pattern-assignment>
    <pattern>
     <list>
      <symbol>medical-capability</symbol>
      <string>Abul El</string>
      <string>Pediatrics</string>
     </list>
    </pattern>
    <value>
     <symbol>true</symbol>
    </value>
   </pattern-assignment>
   <pattern-assignment>
    <pattern>
     <list>
      <symbol>latitude</symbol>
      <string>Abul El</string>
     </list>
    </pattern>
    <value>
     <double>22.2405</double>
    </value>
   </pattern-assignment>
   <pattern-assignment>
    <pattern>
     <list>
      <symbol>medical-capability</symbol>
      <string>Tum El</string>
      <string>Cardiology</string>
     </list>
    </pattern>
    <value>
     <symbol>true</symbol>
    </value>
   </pattern-assignment>
   <pattern-assignment>
    <pattern>
     <list>
      <symbol>medical-capability</symbol>
      <string>Al-Halal El</string>
      <string>Surgery</string>
     </list>
    </pattern>
    <value>
     <symbol>true</symbol>
    </value>
   </pattern-assignment>
   <pattern-assignment>
    <pattern>
     <list>
      <symbol>medical-capability</symbol>
      <string>Laki El</string>
      <string>Psychiatry</string>
     </list>
    </pattern>
    <value>
     <symbol>true</symbol>
    </value>
   </pattern-assignment>
   <pattern-assignment>
    <pattern>
     <list>
      <symbol>medical-capability</symbol>
      <string>Tum El</string>
      <string>Psychology</string>
     </list>
    </pattern>
    <value>
     <symbol>true</symbol>
    </value>
   </pattern-assignment>
   <pattern-assignment>
    <pattern>
     <list>
      <symbol>country</symbol>
      <string>Wawa El</string>
     </list>
    </pattern>
    <value>
     <string>Gao</string>
    </value>
   </pattern-assignment>
   <pattern-assignment>
    <pattern>
     <list>
      <symbol>medical-capability</symbol>
      <string>Al-Halal El</string>
      <string>Neurology</string>
     </list>
    </pattern>
    <value>
     <symbol>true</symbol>
    </value>
   </pattern-assignment>
   <pattern-assignment>
    <pattern>
     <list>
      <symbol>medical-capability</symbol>
      <string>Al-Halal El</string>
      <string>IntensiveCare</string>
     </list>
    </pattern>
    <value>
     <symbol>true</symbol>
    </value>
   </pattern-assignment>
   <pattern-assignment>
    <pattern>
     <list>
      <symbol>longitude</symbol>
      <string>Al-Halal El</string>
     </list>
    </pattern>
    <value>
     <double>31.225</double>
    </value>
   </pattern-assignment>
   <pattern-assignment>
    <pattern>
     <list>
      <symbol>type</symbol>
      <string>Riyadell Med Center</string>
     </list>
    </pattern>
    <value>
     <string>MedicalCenter</string>
    </value>
   </pattern-assignment>
   <pattern-assignment>
    <pattern>
     <list>
      <symbol>medical-capability</symbol>
      <string>Laki El</string>
      <string>BurnCare</string>
     </list>
    </pattern>
    <value>
     <symbol>true</symbol>
    </value>
   </pattern-assignment>
   <pattern-assignment>
    <pattern>
     <list>
      <symbol>medical-capability</symbol>
      <string>Wawa El</string>
      <string>GeneralHealth</string>
     </list>
    </pattern>
    <value>
     <symbol>true</symbol>
    </value>
   </pattern-assignment>
   <pattern-assignment>
    <pattern>
     <list>
      <symbol>hospital</symbol>
      <string>Al-Halal El</string>
     </list>
    </pattern>
    <value>
     <symbol>true</symbol>
    </value>
   </pattern-assignment>
   <pattern-assignment>
    <pattern>
     <list>
      <symbol>latitude</symbol>
      <string>Tum El</string>
     </list>
    </pattern>
    <value>
     <double>9.0235</double>
    </value>
   </pattern-assignment>
   <pattern-assignment>
    <pattern>
     <list>
      <symbol>medical-capability</symbol>
      <string>Djebello El</string>
      <string>Psychology</string>
     </list>
    </pattern>
    <value>
     <symbol>true</symbol>
    </value>
   </pattern-assignment>
   <pattern-assignment>
    <pattern>
     <list>
      <symbol>type</symbol>
      <string>Abul El</string>
     </list>
    </pattern>
    <value>
     <string>Clinic</string>
    </value>
   </pattern-assignment>
   <pattern-assignment>
    <pattern>
     <list>
      <symbol>latitude</symbol>
      <string>Djebello El</string>
     </list>
    </pattern>
    <value>
     <double>20.371</double>
    </value>
   </pattern-assignment>
   <pattern-assignment>
    <pattern>
     <list>
      <symbol>medical-capability</symbol>
      <string>Tum El</string>
      <string>GeneralMedicine</string>
     </list>
    </pattern>
    <value>
     <symbol>true</symbol>
    </value>
   </pattern-assignment>
   <pattern-assignment>
    <pattern>
     <list>
      <symbol>country</symbol>
      <string>Wadi El</string>
     </list>
    </pattern>
    <value>
     <string>Gao</string>
    </value>
   </pattern-assignment>
   <pattern-assignment>
    <pattern>
     <list>
      <symbol>medical-capability</symbol>
      <string>Wadi El</string>
      <string>Pediatrics</string>
     </list>
    </pattern>
    <value>
     <symbol>true</symbol>
    </value>
   </pattern-assignment>
   <pattern-assignment>
    <pattern>
     <list>
      <symbol>medical-capability</symbol>
      <string>Laki El</string>
      <string>Cardiology</string>
     </list>
    </pattern>
    <value>
     <symbol>true</symbol>
    </value>
   </pattern-assignment>
   <pattern-assignment>
    <pattern>
     <list>
      <symbol>medical-capability</symbol>
      <string>Wawa El</string>
      <string>Radiology</string>
     </list>
    </pattern>
    <value>
     <symbol>true</symbol>
    </value>
   </pattern-assignment>
   <pattern-assignment>
    <pattern>
     <list>
      <symbol>medical-capability</symbol>
      <string>Laki El</string>
      <string>Psychology</string>
     </list>
    </pattern>
    <value>
     <symbol>true</symbol>
    </value>
   </pattern-assignment>
   <pattern-assignment>
    <pattern>
     <list>
      <symbol>medical-capability</symbol>
      <string>Al-Halal El</string>
      <string>GeneralHealth</string>
     </list>
    </pattern>
    <value>
     <symbol>true</symbol>
    </value>
   </pattern-assignment>
   <pattern-assignment>
    <pattern>
     <list>
      <symbol>longitude</symbol>
      <string>Laki El</string>
     </list>
    </pattern>
    <value>
     <double>36.5006</double>
    </value>
   </pattern-assignment>
   <pattern-assignment>
    <pattern>
     <list>
      <symbol>medical-capability</symbol>
      <string>Tum El</string>
      <string>Surgery</string>
     </list>
    </pattern>
    <value>
     <symbol>true</symbol>
    </value>
   </pattern-assignment>
   <pattern-assignment>
    <pattern>
     <list>
      <symbol>medical-capability</symbol>
      <string>Djebello El</string>
      <string>GeneralMedicine</string>
     </list>
    </pattern>
    <value>
     <symbol>true</symbol>
    </value>
   </pattern-assignment>
   <pattern-assignment>
    <pattern>
     <list>
      <symbol>hospital</symbol>
      <string>Laki El</string>
     </list>
    </pattern>
    <value>
     <symbol>true</symbol>
    </value>
   </pattern-assignment>
   <pattern-assignment>
    <pattern>
     <list>
      <symbol>medical-capability</symbol>
      <string>Tum El</string>
      <string>Neurology</string>
     </list>
    </pattern>
    <value>
     <symbol>true</symbol>
    </value>
   </pattern-assignment>
   <pattern-assignment>
    <pattern>
     <list>
      <symbol>type</symbol>
      <string>Tum El</string>
     </list>
    </pattern>
    <value>
     <string>MedicalCenter</string>
    </value>
   </pattern-assignment>
   <pattern-assignment>
    <pattern>
     <list>
      <symbol>medical-capability</symbol>
      <string>Laki El</string>
      <string>Gastroenterology</string>
     </list>
    </pattern>
    <value>
     <symbol>true</symbol>
    </value>
   </pattern-assignment>
   <pattern-assignment>
    <pattern>
     <list>
      <symbol>medical-capability</symbol>
      <string>Tum El</string>
      <string>IntensiveCare</string>
     </list>
    </pattern>
    <value>
     <symbol>true</symbol>
    </value>
   </pattern-assignment>
   <pattern-assignment>
    <pattern>
     <list>
      <symbol>medical-capability</symbol>
      <string>Wawa El</string>
      <string>Gynecology</string>
     </list>
    </pattern>
    <value>
     <symbol>true</symbol>
    </value>
   </pattern-assignment>
   <pattern-assignment>
    <pattern>
     <list>
      <symbol>type</symbol>
      <string>Djebello El</string>
     </list>
    </pattern>
    <value>
     <string>Hospital</string>
    </value>
   </pattern-assignment>
   <pattern-assignment>
    <pattern>
     <list>
      <symbol>medical-capability</symbol>
      <string>Ugwulu El</string>
      <string>Obstetrics</string>
     </list>
    </pattern>
    <value>
     <symbol>true</symbol>
    </value>
   </pattern-assignment>
   <pattern-assignment>
    <pattern>
     <list>
      <symbol>medical-capability</symbol>
      <string>Tum El</string>
      <string>Hematology</string>
     </list>
    </pattern>
    <value>
     <symbol>true</symbol>
    </value>
   </pattern-assignment>
   <pattern-assignment>
    <pattern>
     <list>
      <symbol>longitude</symbol>
      <string>Gahwad El</string>
     </list>
    </pattern>
    <value>
     <double>42.4</double>
    </value>
   </pattern-assignment>
   <pattern-assignment>
    <pattern>
     <list>
      <symbol>medical-capability</symbol>
      <string>Riyadell Med Center</string>
      <string>Obstetrics</string>
     </list>
    </pattern>
    <value>
     <symbol>true</symbol>
    </value>
   </pattern-assignment>
   <pattern-assignment>
    <pattern>
     <list>
      <symbol>hospital</symbol>
      <string>Gahwad El</string>
     </list>
    </pattern>
    <value>
     <symbol>true</symbol>
    </value>
   </pattern-assignment>
   <pattern-assignment>
    <pattern>
     <list>
      <symbol>medical-capability</symbol>
      <string>Laki El</string>
      <string>GeneralMedicine</string>
     </list>
    </pattern>
    <value>
     <symbol>true</symbol>
    </value>
   </pattern-assignment>
   <pattern-assignment>
    <pattern>
     <list>
      <symbol>longitude</symbol>
      <string>Saywun El</string>
     </list>
    </pattern>
    <value>
     <double>43.05</double>
    </value>
   </pattern-assignment>
   <pattern-assignment>
    <pattern>
     <list>
      <symbol>medical-capability</symbol>
      <string>Laki El</string>
      <string>Surgery</string>
     </list>
    </pattern>
    <value>
     <symbol>true</symbol>
    </value>
   </pattern-assignment>
   <pattern-assignment>
    <pattern>
     <list>
      <symbol>hospital</symbol>
      <string>Saywun El</string>
     </list>
    </pattern>
    <value>
     <symbol>true</symbol>
    </value>
   </pattern-assignment>
   <pattern-assignment>
    <pattern>
     <list>
      <symbol>medical-capability</symbol>
      <string>Tum El</string>
      <string>GeneralHealth</string>
     </list>
    </pattern>
    <value>
     <symbol>true</symbol>
    </value>
   </pattern-assignment>
   <pattern-assignment>
    <pattern>
     <list>
      <symbol>medical-capability</symbol>
      <string>Laki El</string>
      <string>Neurology</string>
     </list>
    </pattern>
    <value>
     <symbol>true</symbol>
    </value>
   </pattern-assignment>
   <pattern-assignment>
    <pattern>
     <list>
      <symbol>medical-capability</symbol>
      <string>Wawa El</string>
      <string>Pediatrics</string>
     </list>
    </pattern>
    <value>
     <symbol>true</symbol>
    </value>
   </pattern-assignment>
   <pattern-assignment>
    <pattern>
     <list>
      <symbol>medical-capability</symbol>
      <string>Djebello El</string>
      <string>Surgery</string>
     </list>
    </pattern>
    <value>
     <symbol>true</symbol>
    </value>
   </pattern-assignment>
   <pattern-assignment>
    <pattern>
     <list>
      <symbol>medical-capability</symbol>
      <string>Laki El</string>
      <string>IntensiveCare</string>
     </list>
    </pattern>
    <value>
     <symbol>true</symbol>
    </value>
   </pattern-assignment>
   <pattern-assignment>
    <pattern>
     <list>
      <symbol>medical-capability</symbol>
      <string>Djebello El</string>
      <string>Neurology</string>
     </list>
    </pattern>
    <value>
     <symbol>true</symbol>
    </value>
   </pattern-assignment>
   <pattern-assignment>
    <pattern>
     <list>
      <symbol>latitude</symbol>
      <string>Wawa El</string>
     </list>
    </pattern>
    <value>
     <double>18.542</double>
    </value>
   </pattern-assignment>
   <pattern-assignment>
    <pattern>
     <list>
      <symbol>medical-capability</symbol>
      <string>Djebello El</string>
      <string>IntensiveCare</string>
     </list>
    </pattern>
    <value>
     <symbol>true</symbol>
    </value>
   </pattern-assignment>
   <pattern-assignment>
    <pattern>
     <list>
      <symbol>medical-capability</symbol>
      <string>Laki El</string>
      <string>Hematology</string>
     </list>
    </pattern>
    <value>
     <symbol>true</symbol>
    </value>
   </pattern-assignment>
   <pattern-assignment>
    <pattern>
     <list>
      <symbol>longitude</symbol>
      <string>Ugwulu El</string>
     </list>
    </pattern>
    <value>
     <double>33.0457</double>
    </value>
   </pattern-assignment>
   <pattern-assignment>
    <pattern>
     <list>
      <symbol>medical-capability</symbol>
      <string>Djebello El</string>
      <string>GeneralHealth</string>
     </list>
    </pattern>
    <value>
     <symbol>true</symbol>
    </value>
   </pattern-assignment>
   <pattern-assignment>
    <pattern>
     <list>
      <symbol>country</symbol>
      <string>Al-Halal El</string>
     </list>
    </pattern>
    <value>
     <string>Agadez</string>
    </value>
   </pattern-assignment>
   <pattern-assignment>
    <pattern>
     <list>
      <symbol>hospital</symbol>
      <string>Ugwulu El</string>
     </list>
    </pattern>
    <value>
     <symbol>true</symbol>
    </value>
   </pattern-assignment>
   <pattern-assignment>
    <pattern>
     <list>
      <symbol>medical-capability</symbol>
      <string>Tum El</string>
      <string>Radiology</string>
     </list>
    </pattern>
    <value>
     <symbol>true</symbol>
    </value>
   </pattern-assignment>
   <pattern-assignment>
    <pattern>
     <list>
      <symbol>medical-capability</symbol>
      <string>Riyadell Med Center</string>
      <string>Psychiatry</string>
     </list>
    </pattern>
    <value>
     <symbol>true</symbol>
    </value>
   </pattern-assignment>
   <pattern-assignment>
    <pattern>
     <list>
      <symbol>medical-capability</symbol>
      <string>Wadi El</string>
      <string>Obstetrics</string>
     </list>
    </pattern>
    <value>
     <symbol>true</symbol>
    </value>
   </pattern-assignment>
   <pattern-assignment>
    <pattern>
     <list>
      <symbol>medical-capability</symbol>
      <string>Al-Halal El</string>
      <string>Pediatrics</string>
     </list>
    </pattern>
    <value>
     <symbol>true</symbol>
    </value>
   </pattern-assignment>
   <pattern-assignment>
    <pattern>
     <list>
      <symbol>medical-capability</symbol>
      <string>Ugwulu El</string>
      <string>BurnCare</string>
     </list>
    </pattern>
    <value>
     <symbol>true</symbol>
    </value>
   </pattern-assignment>
   <pattern-assignment>
    <pattern>
     <list>
      <symbol>longitude</symbol>
      <string>Riyadell Med Center</string>
     </list>
    </pattern>
    <value>
     <double>46.7727778</double>
    </value>
   </pattern-assignment>
   <pattern-assignment>
    <pattern>
     <list>
      <symbol>medical-capability</symbol>
      <string>Laki El</string>
      <string>GeneralHealth</string>
     </list>
    </pattern>
    <value>
     <symbol>true</symbol>
    </value>
   </pattern-assignment>
   <pattern-assignment>
    <pattern>
     <list>
      <symbol>type</symbol>
      <string>Wawa El</string>
     </list>
    </pattern>
    <value>
     <string>MedicalCenter</string>
    </value>
   </pattern-assignment>
   <pattern-assignment>
    <pattern>
     <list>
      <symbol>medical-capability</symbol>
      <string>Riyadell Med Center</string>
      <string>BurnCare</string>
     </list>
    </pattern>
    <value>
     <symbol>true</symbol>
    </value>
   </pattern-assignment>
   <pattern-assignment>
    <pattern>
     <list>
      <symbol>medical-capability</symbol>
      <string>Saywun El</string>
      <string>GeneralHealth</string>
     </list>
    </pattern>
    <value>
     <symbol>true</symbol>
    </value>
   </pattern-assignment>
   <pattern-assignment>
    <pattern>
     <list>
      <symbol>latitude</symbol>
      <string>Wadi El</string>
     </list>
    </pattern>
    <value>
     <double>21.53</double>
    </value>
   </pattern-assignment>
   <pattern-assignment>
    <pattern>
     <list>
      <symbol>hospital</symbol>
      <string>Riyadell Med Center</string>
     </list>
    </pattern>
    <value>
     <symbol>true</symbol>
    </value>
   </pattern-assignment>
   <pattern-assignment>
    <pattern>
     <list>
      <symbol>medical-capability</symbol>
      <string>Riyadell Med Center</string>
      <string>Immunology</string>
     </list>
    </pattern>
    <value>
     <symbol>true</symbol>
    </value>
   </pattern-assignment>
   <pattern-assignment>
    <pattern>
     <list>
      <symbol>medical-capability</symbol>
      <string>Tum El</string>
      <string>Gynecology</string>
     </list>
    </pattern>
    <value>
     <symbol>true</symbol>
    </value>
   </pattern-assignment>
   <pattern-assignment>
    <pattern>
     <list>
      <symbol>medical-capability</symbol>
      <string>Gahwad El</string>
      <string>BurnCare</string>
     </list>
    </pattern>
    <value>
     <symbol>true</symbol>
    </value>
   </pattern-assignment>
   <pattern-assignment>
    <pattern>
     <list>
      <symbol>medical-capability</symbol>
      <string>Abul El</string>
      <string>Immunology</string>
     </list>
    </pattern>
    <value>
     <symbol>true</symbol>
    </value>
   </pattern-assignment>
   <pattern-assignment>
    <pattern>
     <list>
      <symbol>country</symbol>
      <string>Laki El</string>
     </list>
    </pattern>
    <value>
     <string>Binni</string>
    </value>
   </pattern-assignment>
   <pattern-assignment>
    <pattern>
     <list>
      <symbol>longitude</symbol>
      <string>Abul El</string>
     </list>
    </pattern>
    <value>
     <double>39.1013</double>
    </value>
   </pattern-assignment>
   <pattern-assignment>
    <pattern>
     <list>
      <symbol>medical-capability</symbol>
      <string>Gahwad El</string>
      <string>Immunology</string>
     </list>
    </pattern>
    <value>
     <symbol>true</symbol>
    </value>
   </pattern-assignment>
   <pattern-assignment>
    <pattern>
     <list>
      <symbol>medical-capability</symbol>
      <string>Wawa El</string>
      <string>Obstetrics</string>
     </list>
    </pattern>
    <value>
     <symbol>true</symbol>
    </value>
   </pattern-assignment>
   <pattern-assignment>
    <pattern>
     <list>
      <symbol>hospital</symbol>
      <string>Abul El</string>
     </list>
    </pattern>
    <value>
     <symbol>true</symbol>
    </value>
   </pattern-assignment>
   <pattern-assignment>
    <pattern>
     <list>
      <symbol>medical-capability</symbol>
      <string>Ugwulu El</string>
      <string>Psychology</string>
     </list>
    </pattern>
    <value>
     <symbol>true</symbol>
    </value>
   </pattern-assignment>
   <pattern-assignment>
    <pattern>
     <list>
      <symbol>medical-capability</symbol>
      <string>Laki El</string>
      <string>Radiology</string>
     </list>
    </pattern>
    <value>
     <symbol>true</symbol>
    </value>
   </pattern-assignment>
   <pattern-assignment>
    <pattern>
     <list>
      <symbol>medical-capability</symbol>
      <string>Riyadell Med Center</string>
      <string>Cardiology</string>
     </list>
    </pattern>
    <value>
     <symbol>true</symbol>
    </value>
   </pattern-assignment>
   <pattern-assignment>
    <pattern>
     <list>
      <symbol>type</symbol>
      <string>Wadi El</string>
     </list>
    </pattern>
    <value>
     <string>Hospital</string>
    </value>
   </pattern-assignment>
   <pattern-assignment>
    <pattern>
     <list>
      <symbol>medical-capability</symbol>
      <string>Riyadell Med Center</string>
      <string>Psychology</string>
     </list>
    </pattern>
    <value>
     <symbol>true</symbol>
    </value>
   </pattern-assignment>
   <pattern-assignment>
    <pattern>
     <list>
      <symbol>country</symbol>
      <string>Gahwad El</string>
     </list>
    </pattern>
    <value>
     <string>Arabello</string>
    </value>
   </pattern-assignment>
   <pattern-assignment>
    <pattern>
     <list>
      <symbol>medical-capability</symbol>
      <string>Gahwad El</string>
      <string>Cardiology</string>
     </list>
    </pattern>
    <value>
     <symbol>true</symbol>
    </value>
   </pattern-assignment>
   <pattern-assignment>
    <pattern>
     <list>
      <symbol>medical-capability</symbol>
      <string>Tum El</string>
      <string>Pediatrics</string>
     </list>
    </pattern>
    <value>
     <symbol>true</symbol>
    </value>
   </pattern-assignment>
   <pattern-assignment>
    <pattern>
     <list>
      <symbol>longitude</symbol>
      <string>Tum El</string>
     </list>
    </pattern>
    <value>
     <double>39.125</double>
    </value>
   </pattern-assignment>
   <pattern-assignment>
    <pattern>
     <list>
      <symbol>hospital</symbol>
      <string>Tum El</string>
     </list>
    </pattern>
    <value>
     <symbol>true</symbol>
    </value>
   </pattern-assignment>
   <pattern-assignment>
    <pattern>
     <list>
      <symbol>medical-capability</symbol>
      <string>Laki El</string>
      <string>Gynecology</string>
     </list>
    </pattern>
    <value>
     <symbol>true</symbol>
    </value>
   </pattern-assignment>
   <pattern-assignment>
    <pattern>
     <list>
      <symbol>medical-capability</symbol>
      <string>Al-Halal El</string>
      <string>Obstetrics</string>
     </list>
    </pattern>
    <value>
     <symbol>true</symbol>
    </value>
   </pattern-assignment>
   <pattern-assignment>
    <pattern>
     <list>
      <symbol>country</symbol>
      <string>Saywun El</string>
     </list>
    </pattern>
    <value>
     <string>Arabello</string>
    </value>
   </pattern-assignment>
   <pattern-assignment>
    <pattern>
     <list>
      <symbol>longitude</symbol>
      <string>Djebello El</string>
     </list>
    </pattern>
    <value>
     <double>40.006</double>
    </value>
   </pattern-assignment>
   <pattern-assignment>
    <pattern>
     <list>
      <symbol>medical-capability</symbol>
      <string>Djebello El</string>
      <string>Gynecology</string>
     </list>
    </pattern>
    <value>
     <symbol>true</symbol>
    </value>
   </pattern-assignment>
   <pattern-assignment>
    <pattern>
     <list>
      <symbol>medical-capability</symbol>
      <string>Ugwulu El</string>
      <string>GeneralMedicine</string>
     </list>
    </pattern>
    <value>
     <symbol>true</symbol>
    </value>
   </pattern-assignment>
   <pattern-assignment>
    <pattern>
     <list>
      <symbol>medical-capability</symbol>
      <string>Djebello El</string>
      <string>Pediatrics</string>
     </list>
    </pattern>
    <value>
     <symbol>true</symbol>
    </value>
   </pattern-assignment>
   <pattern-assignment>
    <pattern>
     <list>
      <symbol>hospital</symbol>
      <string>Djebello El</string>
     </list>
    </pattern>
    <value>
     <symbol>true</symbol>
    </value>
   </pattern-assignment>
   <pattern-assignment>
    <pattern>
     <list>
      <symbol>medical-capability</symbol>
      <string>Riyadell Med Center</string>
      <string>GeneralMedicine</string>
     </list>
    </pattern>
    <value>
     <symbol>true</symbol>
    </value>
   </pattern-assignment>
   <pattern-assignment>
    <pattern>
     <list>
      <symbol>medical-capability</symbol>
      <string>Abul El</string>
      <string>GeneralMedicine</string>
     </list>
    </pattern>
    <value>
     <symbol>true</symbol>
    </value>
   </pattern-assignment>
   <pattern-assignment>
    <pattern>
     <list>
      <symbol>medical-capability</symbol>
      <string>Gahwad El</string>
      <string>GeneralMedicine</string>
     </list>
    </pattern>
    <value>
     <symbol>true</symbol>
    </value>
   </pattern-assignment>
   <pattern-assignment>
    <pattern>
     <list>
      <symbol>medical-capability</symbol>
      <string>Riyadell Med Center</string>
      <string>Gastroenterology</string>
     </list>
    </pattern>
    <value>
     <symbol>true</symbol>
    </value>
   </pattern-assignment>
   <pattern-assignment>
    <pattern>
     <list>
      <symbol>medical-capability</symbol>
      <string>Ugwulu El</string>
      <string>Neurology</string>
     </list>
    </pattern>
    <value>
     <symbol>true</symbol>
    </value>
   </pattern-assignment>
   <pattern-assignment>
    <pattern>
     <list>
      <symbol>country</symbol>
      <string>Ugwulu El</string>
     </list>
    </pattern>
    <value>
     <string>Binni</string>
    </value>
   </pattern-assignment>
   <pattern-assignment>
    <pattern>
     <list>
      <symbol>latitude</symbol>
      <string>Al-Halal El</string>
     </list>
    </pattern>
    <value>
     <double>14.094</double>
    </value>
   </pattern-assignment>
   <pattern-assignment>
    <pattern>
     <list>
      <symbol>medical-capability</symbol>
      <string>Laki El</string>
      <string>Pediatrics</string>
     </list>
    </pattern>
    <value>
     <symbol>true</symbol>
    </value>
   </pattern-assignment>
   <pattern-assignment>
    <pattern>
     <list>
      <symbol>medical-capability</symbol>
      <string>Riyadell Med Center</string>
      <string>Neurology</string>
     </list>
    </pattern>
    <value>
     <symbol>true</symbol>
    </value>
   </pattern-assignment>
   <pattern-assignment>
    <pattern>
     <list>
      <symbol>medical-capability</symbol>
      <string>Wawa El</string>
      <string>Immunology</string>
     </list>
    </pattern>
    <value>
     <symbol>true</symbol>
    </value>
   </pattern-assignment>
   <pattern-assignment>
    <pattern>
     <list>
      <symbol>medical-capability</symbol>
      <string>Wadi El</string>
      <string>Psychology</string>
     </list>
    </pattern>
    <value>
     <symbol>true</symbol>
    </value>
   </pattern-assignment>
   <pattern-assignment>
    <pattern>
     <list>
      <symbol>medical-capability</symbol>
      <string>Riyadell Med Center</string>
      <string>IntensiveCare</string>
     </list>
    </pattern>
    <value>
     <symbol>true</symbol>
    </value>
   </pattern-assignment>
   <pattern-assignment>
    <pattern>
     <list>
      <symbol>medical-capability</symbol>
      <string>Riyadell Med Center</string>
      <string>Hematology</string>
     </list>
    </pattern>
    <value>
     <symbol>true</symbol>
    </value>
   </pattern-assignment>
   <pattern-assignment>
    <pattern>
     <list>
      <symbol>medical-capability</symbol>
      <string>Tum El</string>
      <string>Obstetrics</string>
     </list>
    </pattern>
    <value>
     <symbol>true</symbol>
    </value>
   </pattern-assignment>
   <pattern-assignment>
    <pattern>
     <list>
      <symbol>medical-capability</symbol>
      <string>Wawa El</string>
      <string>Psychiatry</string>
     </list>
    </pattern>
    <value>
     <symbol>true</symbol>
    </value>
   </pattern-assignment>
   <pattern-assignment>
    <pattern>
     <list>
      <symbol>country</symbol>
      <string>Riyadell Med Center</string>
     </list>
    </pattern>
    <value>
     <string>Arabello</string>
    </value>
   </pattern-assignment>
   <pattern-assignment>
    <pattern>
     <list>
      <symbol>medical-capability</symbol>
      <string>Ugwulu El</string>
      <string>Surgery</string>
     </list>
    </pattern>
    <value>
     <symbol>true</symbol>
    </value>
   </pattern-assignment>
   <pattern-assignment>
    <pattern>
     <list>
      <symbol>medical-capability</symbol>
      <string>Gahwad El</string>
      <string>Hematology</string>
     </list>
    </pattern>
    <value>
     <symbol>true</symbol>
    </value>
   </pattern-assignment>
   <pattern-assignment>
    <pattern>
     <list>
      <symbol>medical-capability</symbol>
      <string>Riyadell Med Center</string>
      <string>Surgery</string>
     </list>
    </pattern>
    <value>
     <symbol>true</symbol>
    </value>
   </pattern-assignment>
   <pattern-assignment>
    <pattern>
     <list>
      <symbol>type</symbol>
      <string>Al-Halal El</string>
     </list>
    </pattern>
    <value>
     <string>Hospital</string>
    </value>
   </pattern-assignment>
   <pattern-assignment>
    <pattern>
     <list>
      <symbol>medical-capability</symbol>
      <string>Ugwulu El</string>
      <string>IntensiveCare</string>
     </list>
    </pattern>
    <value>
     <symbol>true</symbol>
    </value>
   </pattern-assignment>
   <pattern-assignment>
    <pattern>
     <list>
      <symbol>medical-capability</symbol>
      <string>Wawa El</string>
      <string>BurnCare</string>
     </list>
    </pattern>
    <value>
     <symbol>true</symbol>
    </value>
   </pattern-assignment>
   <pattern-assignment>
    <pattern>
     <list>
      <symbol>latitude</symbol>
      <string>Laki El</string>
     </list>
    </pattern>
    <value>
     <double>16.5502</double>
    </value>
   </pattern-assignment>
   <pattern-assignment>
    <pattern>
     <list>
      <symbol>country</symbol>
      <string>Abul El</string>
     </list>
    </pattern>
    <value>
     <string>Arabello</string>
    </value>
   </pattern-assignment>
   <pattern-assignment>
    <pattern>
     <list>
      <symbol>medical-capability</symbol>
      <string>Wadi El</string>
      <string>GeneralMedicine</string>
     </list>
    </pattern>
    <value>
     <symbol>true</symbol>
    </value>
   </pattern-assignment>
   <pattern-assignment>
    <pattern>
     <list>
      <symbol>medical-capability</symbol>
      <string>Ugwulu El</string>
      <string>GeneralHealth</string>
     </list>
    </pattern>
    <value>
     <symbol>true</symbol>
    </value>
   </pattern-assignment>
   <pattern-assignment>
    <pattern>
     <list>
      <symbol>medical-capability</symbol>
      <string>Gahwad El</string>
      <string>Surgery</string>
     </list>
    </pattern>
    <value>
     <symbol>true</symbol>
    </value>
   </pattern-assignment>
   <pattern-assignment>
    <pattern>
     <list>
      <symbol>longitude</symbol>
      <string>Wawa El</string>
     </list>
    </pattern>
    <value>
     <double>30.542</double>
    </value>
   </pattern-assignment>
   <pattern-assignment>
    <pattern>
     <list>
      <symbol>medical-capability</symbol>
      <string>Riyadell Med Center</string>
      <string>GeneralHealth</string>
     </list>
    </pattern>
    <value>
     <symbol>true</symbol>
    </value>
   </pattern-assignment>
   <pattern-assignment>
    <pattern>
     <list>
      <symbol>medical-capability</symbol>
      <string>Gahwad El</string>
      <string>IntensiveCare</string>
     </list>
    </pattern>
    <value>
     <symbol>true</symbol>
    </value>
   </pattern-assignment>
   <pattern-assignment>
    <pattern>
     <list>
      <symbol>medical-capability</symbol>
      <string>Abul El</string>
      <string>GeneralHealth</string>
     </list>
    </pattern>
    <value>
     <symbol>true</symbol>
    </value>
   </pattern-assignment>
   <pattern-assignment>
    <pattern>
     <list>
      <symbol>hospital</symbol>
      <string>Wawa El</string>
     </list>
    </pattern>
    <value>
     <symbol>true</symbol>
    </value>
   </pattern-assignment>
   <pattern-assignment>
    <pattern>
     <list>
      <symbol>medical-capability</symbol>
      <string>Al-Halal El</string>
      <string>Psychiatry</string>
     </list>
    </pattern>
    <value>
     <symbol>true</symbol>
    </value>
   </pattern-assignment>
   <pattern-assignment>
    <pattern>
     <list>
      <symbol>medical-capability</symbol>
      <string>Gahwad El</string>
      <string>GeneralHealth</string>
     </list>
    </pattern>
    <value>
     <symbol>true</symbol>
    </value>
   </pattern-assignment>
   <pattern-assignment>
    <pattern>
     <list>
      <symbol>latitude</symbol>
      <string>Gahwad El</string>
     </list>
    </pattern>
    <value>
     <double>19.25</double>
    </value>
   </pattern-assignment>
   <pattern-assignment>
    <pattern>
     <list>
      <symbol>medical-capability</symbol>
      <string>Wadi El</string>
      <string>Neurology</string>
     </list>
    </pattern>
    <value>
     <symbol>true</symbol>
    </value>
   </pattern-assignment>
   <pattern-assignment>
    <pattern>
     <list>
      <symbol>medical-capability</symbol>
      <string>Wadi El</string>
      <string>IntensiveCare</string>
     </list>
    </pattern>
    <value>
     <symbol>true</symbol>
    </value>
   </pattern-assignment>
   <pattern-assignment>
    <pattern>
     <list>
      <symbol>medical-capability</symbol>
      <string>Wawa El</string>
      <string>Cardiology</string>
     </list>
    </pattern>
    <value>
     <symbol>true</symbol>
    </value>
   </pattern-assignment>
   <pattern-assignment>
    <pattern>
     <list>
      <symbol>medical-capability</symbol>
      <string>Laki El</string>
      <string>Obstetrics</string>
     </list>
    </pattern>
    <value>
     <symbol>true</symbol>
    </value>
   </pattern-assignment>
   <pattern-assignment>
    <pattern>
     <list>
      <symbol>country</symbol>
      <string>Tum El</string>
     </list>
    </pattern>
    <value>
     <string>Agadez</string>
    </value>
   </pattern-assignment>
   <pattern-assignment>
    <pattern>
     <list>
      <symbol>type</symbol>
      <string>Laki El</string>
     </list>
    </pattern>
    <value>
     <string>MedicalCenter</string>
    </value>
   </pattern-assignment>
   <pattern-assignment>
    <pattern>
     <list>
      <symbol>medical-capability</symbol>
      <string>Wawa El</string>
      <string>Psychology</string>
     </list>
    </pattern>
    <value>
     <symbol>true</symbol>
    </value>
   </pattern-assignment>
   <pattern-assignment>
    <pattern>
     <list>
      <symbol>medical-capability</symbol>
      <string>Djebello El</string>
      <string>Obstetrics</string>
     </list>
    </pattern>
    <value>
     <symbol>true</symbol>
    </value>
   </pattern-assignment>
  </list>
 </world-state>
</plan>

