<?xml version="1.0" encoding="UTF-8"?>
<plan xmlns="http://www.aiai.ed.ac.uk/project/ix/">
 <plan-variable-declarations>
  <list>
   <plan-variable-declaration id="var-0" name="?hospital" scope="global" />
   <plan-variable-declaration id="var-1" name="?country" scope="global" />
   <plan-variable-declaration id="var-2" name="?caps" scope="global" />
  </list>
 </plan-variable-declarations>
 <plan-nodes>
  <list>
   <plan-node id="node-0">
    <activity>
     <activity status="complete" priority="normal" id="http://spottisvax.nonet/foo/etlgpgK/75SXUoBUT3~/activity-0">
      <pattern>
       <list>
        <symbol>lookup-hospitals</symbol>
        <symbol>BurnCare</symbol>
       </list>
      </pattern>
      <annotations>
       <map>
        <map-entry>
         <key>
          <symbol>comments</symbol>
         </key>
         <value>
          <string>Report from hospitals ref=activity-0 type=progress: "Received by hospitals, 12-Sep-03 15:47:49"
Report from hospitals ref=activity-0 type=progress: "Getting data about ARABELLO"
Report from hospitals ref=activity-0 type=progress: "Found hospital Gahwad El
Gahwad El
  nc-ARABELLO#GahwadEl
  Type: Hospital
   Location: country = Arabello, latitude = 19.25, longitude = 42.4
  Capabilities: IntensiveCare, BurnCare, GeneralHealth, GeneralMedicine, Cardiology, Hematology, Immunology, Radiology, Surgery"
Report from hospitals ref=activity-0 type=progress: "Found hospital Riyadell Med Center
Riyadell Med Center
  nc-ARABELLO#RiyadellMedCenter
  Type: MedicalCenter
   Location: country = Arabello, latitude = 24.6408333, longitude = 46.7727778
  Capabilities: IntensiveCare, BurnCare, GeneralHealth, GeneralMedicine, Cardiology, Gastroenterology, Gynecology, Hematology, Immunology, Obstetrics, Pediatrics, Psychiatry, Psychology, Radiology, Neurology, Surgery"
Report from hospitals ref=activity-0 type=success: "Finished -- 5 hospitals considered, 2 matches."
</string>
         </value>
        </map-entry>
        <map-entry>
         <key>
          <symbol>forwarded-to</symbol>
         </key>
         <value>
          <name>hospitals</name>
         </value>
        </map-entry>
       </map>
      </annotations>
     </activity>
    </activity>
   </plan-node>
   <plan-node id="node-1">
    <activity>
     <activity status="possible" priority="normal">
      <pattern>
       <list>
        <symbol>add-handlers</symbol>
        <symbol>match-state-handler</symbol>
       </list>
      </pattern>
     </activity>
    </activity>
   </plan-node>
   <plan-node id="node-2">
    <activity>
     <activity status="possible" priority="normal">
      <pattern>
       <list>
        <symbol>match-state</symbol>
        <symbol>hospital</symbol>
        <plan-variable id="var-0" name="?hospital" />
        <symbol>,</symbol>
        <symbol>country</symbol>
        <plan-variable id="var-0" name="?hospital" />
        <symbol>=</symbol>
        <plan-variable id="var-1" name="?country" />
        <symbol>,</symbol>
        <symbol>capabilities</symbol>
        <plan-variable id="var-0" name="?hospital" />
        <symbol>=</symbol>
        <plan-variable id="var-2" name="?caps" />
       </list>
      </pattern>
     </activity>
    </activity>
   </plan-node>
  </list>
 </plan-nodes>
 <world-state>
  <list>
   <pattern-assignment>
    <pattern>
     <list>
      <symbol>longitude</symbol>
      <string>Gahwad El</string>
     </list>
    </pattern>
    <value>
     <string>42.4</string>
    </value>
   </pattern-assignment>
   <pattern-assignment>
    <pattern>
     <list>
      <symbol>type</symbol>
      <string>Gahwad El</string>
     </list>
    </pattern>
    <value>
     <string>Hospital</string>
    </value>
   </pattern-assignment>
   <pattern-assignment>
    <pattern>
     <list>
      <symbol>type</symbol>
      <string>Riyadell Med Center</string>
     </list>
    </pattern>
    <value>
     <string>MedicalCenter</string>
    </value>
   </pattern-assignment>
   <pattern-assignment>
    <pattern>
     <list>
      <symbol>latitude</symbol>
      <string>Gahwad El</string>
     </list>
    </pattern>
    <value>
     <string>19.25</string>
    </value>
   </pattern-assignment>
   <pattern-assignment>
    <pattern>
     <list>
      <symbol>longitude</symbol>
      <string>Riyadell Med Center</string>
     </list>
    </pattern>
    <value>
     <string>46.7727778</string>
    </value>
   </pattern-assignment>
   <pattern-assignment>
    <pattern>
     <list>
      <symbol>country</symbol>
      <string>Gahwad El</string>
     </list>
    </pattern>
    <value>
     <string>Arabello</string>
    </value>
   </pattern-assignment>
   <pattern-assignment>
    <pattern>
     <list>
      <symbol>hospital</symbol>
      <string>Gahwad El</string>
     </list>
    </pattern>
    <value>
     <symbol>true</symbol>
    </value>
   </pattern-assignment>
   <pattern-assignment>
    <pattern>
     <list>
      <symbol>capabilities</symbol>
      <string>Riyadell Med Center</string>
     </list>
    </pattern>
    <value>
     <list>
      <string>IntensiveCare</string>
      <string>BurnCare</string>
      <string>GeneralHealth</string>
      <string>GeneralMedicine</string>
      <string>Cardiology</string>
      <string>Gastroenterology</string>
      <string>Gynecology</string>
      <string>Hematology</string>
      <string>Immunology</string>
      <string>Obstetrics</string>
      <string>Pediatrics</string>
      <string>Psychiatry</string>
      <string>Psychology</string>
      <string>Radiology</string>
      <string>Neurology</string>
      <string>Surgery</string>
     </list>
    </value>
   </pattern-assignment>
   <pattern-assignment>
    <pattern>
     <list>
      <symbol>capabilities</symbol>
      <string>Gahwad El</string>
     </list>
    </pattern>
    <value>
     <list>
      <string>IntensiveCare</string>
      <string>BurnCare</string>
      <string>GeneralHealth</string>
      <string>GeneralMedicine</string>
      <string>Cardiology</string>
      <string>Hematology</string>
      <string>Immunology</string>
      <string>Radiology</string>
      <string>Surgery</string>
     </list>
    </value>
   </pattern-assignment>
   <pattern-assignment>
    <pattern>
     <list>
      <symbol>latitude</symbol>
      <string>Riyadell Med Center</string>
     </list>
    </pattern>
    <value>
     <string>24.6408333</string>
    </value>
   </pattern-assignment>
   <pattern-assignment>
    <pattern>
     <list>
      <symbol>hospital</symbol>
      <string>Riyadell Med Center</string>
     </list>
    </pattern>
    <value>
     <symbol>true</symbol>
    </value>
   </pattern-assignment>
   <pattern-assignment>
    <pattern>
     <list>
      <symbol>country</symbol>
      <string>Riyadell Med Center</string>
     </list>
    </pattern>
    <value>
     <string>Arabello</string>
    </value>
   </pattern-assignment>
  </list>
 </world-state>
</plan>

