<?xml version="1.0" encoding="UTF-8"?>
<plan xmlns="http://www.aiai.ed.ac.uk/project/ix/">
 <plan-issues>
  <list>
   <plan-issue id="issue-0" expansion="issue-refinement-0">
    <issue>
     <issue status="blank" priority="normal">
      <pattern>
       <list>
        <symbol>why</symbol>
        <symbol>do</symbol>
        <symbol>that</symbol>
       </list>
      </pattern>
     </issue>
    </issue>
   </plan-issue>
   <plan-issue id="issue-1">
    <issue>
     <issue status="blank" priority="normal">
      <pattern>
       <list>
        <symbol>why</symbol>
        <symbol>not</symbol>
       </list>
      </pattern>
     </issue>
    </issue>
   </plan-issue>
  </list>
 </plan-issues>
 <plan-issue-refinements>
  <list>
   <plan-issue-refinement id="issue-refinement-0" expands="issue-0">
    <plan-issues>
     <list>
      <plan-issue id="issue-0-0">
       <issue>
        <issue status="blank" priority="normal">
         <pattern>
          <list>
           <symbol>why</symbol>
           <symbol>start</symbol>
          </list>
         </pattern>
        </issue>
       </issue>
      </plan-issue>
      <plan-issue id="issue-0-1">
       <issue>
        <issue status="blank" priority="normal">
         <pattern>
          <list>
           <symbol>why</symbol>
           <symbol>finish</symbol>
          </list>
         </pattern>
        </issue>
       </issue>
      </plan-issue>
     </list>
    </plan-issues>
   </plan-issue-refinement>
  </list>
 </plan-issue-refinements>
 <plan-nodes>
  <list>
   <plan-node id="node-0" expansion="refinement-0">
    <activity>
     <activity status="blank" priority="normal">
      <pattern>
       <list>
        <symbol>do</symbol>
        <symbol>something</symbol>
       </list>
      </pattern>
     </activity>
    </activity>
   </plan-node>
   <plan-node id="node-1">
    <activity>
     <activity status="blank" priority="normal">
      <pattern>
       <list>
        <symbol>do</symbol>
        <symbol>something</symbol>
        <symbol>else</symbol>
       </list>
      </pattern>
     </activity>
    </activity>
   </plan-node>
  </list>
 </plan-nodes>
 <plan-refinements>
  <list>
   <plan-refinement id="refinement-0" expands="node-0">
    <plan-nodes>
     <list>
      <plan-node id="node-0-0">
       <activity>
        <activity status="blank" priority="normal">
         <pattern>
          <list>
           <symbol>step</symbol>
           <symbol>one</symbol>
          </list>
         </pattern>
        </activity>
       </activity>
      </plan-node>
      <plan-node id="node-0-1" expansion="refinement-1">
       <activity>
        <activity status="blank" priority="normal">
         <pattern>
          <list>
           <symbol>step</symbol>
           <symbol>two</symbol>
          </list>
         </pattern>
        </activity>
       </activity>
      </plan-node>
     </list>
    </plan-nodes>
   </plan-refinement>
   <plan-refinement id="refinement-1" expands="node-0-1">
    <plan-nodes>
     <list>
      <plan-node id="node-0-1-0">
       <activity>
        <activity status="blank" priority="normal">
         <pattern>
          <list>
           <symbol>step</symbol>
           <symbol>two</symbol>
           <symbol>part</symbol>
           <symbol>one</symbol>
          </list>
         </pattern>
        </activity>
       </activity>
      </plan-node>
     </list>
    </plan-nodes>
   </plan-refinement>
  </list>
 </plan-refinements>
 <constraints>
  <list>
   <constraint type="plan-validity" relation="use-before">
    <parameters>
     <list>
      <string>10 Mar 2004</string>
     </list>
    </parameters>
   </constraint>
   <constraint type="plan-validity" relation="ix-version">
    <parameters>
     <list>
      <string>3.0</string>
     </list>
    </parameters>
    <annotations>
     <map>
      <map-entry>
       <key>
        <string>status</string>
       </key>
       <value>
        <string>just an example</string>
       </value>
      </map-entry>
     </map>
    </annotations>
   </constraint>
  </list>
 </constraints>
 <annotations>
  <map>
   <map-entry>
    <key>
     <string>an example document</string>
    </key>
    <value>
     <literal-document>
      <test-element xmlns="" test-attrib="attrib-value">
       <test-subelement />
      </test-element>
     </literal-document>
    </value>
   </map-entry>
   <map-entry>
    <key>
     <string>plan-builder-class</string>
    </key>
    <value>
     <string>ix.test.ExamplePlanBuilder</string>
    </value>
   </map-entry>
   <map-entry>
    <key>
     <string>generated-by</string>
    </key>
    <value>
     <string>ix.test.PlanBuilderTest</string>
    </value>
   </map-entry>
  </map>
 </annotations>
</plan>

