<?xml version="1.0" encoding="UTF-8"?>
<domain>
  <refinements>
    <list>
      <refinement>
        <name>
          <string>sop-001</string>
        </name>
        <pattern>
          <list>
            <symbol>consider</symbol>
            <item-var>?x</item-var>
          </list>
        </pattern>
        <nodes>
          <list>
            <node-spec id="1">
              <pattern>
                <list>
                  <symbol>do</symbol>
                  <item-var>?x</item-var>
                  <symbol>part-1</symbol>
                </list>
              </pattern>
            </node-spec>
            <node-spec id="2">
              <pattern>
                <list>
                  <symbol>do</symbol>
                  <item-var>?x</item-var>
                  <symbol>part-2</symbol>
                </list>
              </pattern>
            </node-spec>
            <node-spec id="3">
              <pattern>
                <list>
                  <symbol>do</symbol>
                  <item-var>?x</item-var>
                  <symbol>part-3</symbol>
                </list>
              </pattern>
            </node-spec>
            <node-spec id="4">
              <pattern>
                <list>
                  <symbol>do</symbol>
                  <item-var>?x</item-var>
                  <symbol>part-4</symbol>
                </list>
              </pattern>
            </node-spec>
          </list>
        </nodes>
        <orderings>
          <list>
            <ordering>
              <from>
                <node-end-ref end="end" node="1" />
              </from>
              <to>
                <node-end-ref end="begin" node="2" />
              </to>
            </ordering>
            <ordering>
              <from>
                <node-end-ref end="end" node="2" />
              </from>
              <to>
                <node-end-ref end="begin" node="3" />
              </to>
            </ordering>
          </list>
        </orderings>
        <comments>
          <string>Simple example for expanding consider example in demos</string>
        </comments>
      </refinement>
      <refinement>
        <name>
          <string>sop-011-move-object</string>
        </name>
        <pattern>
          <list>
            <symbol>move</symbol>
            <item-var>?object</item-var>
            <item-var>?from</item-var>
            <item-var>?to</item-var>
          </list>
        </pattern>
        <nodes>
          <list>
            <node-spec id="1">
              <pattern>
                <list>
                  <symbol>select-transport-at</symbol>
                  <item-var>?from</item-var>
                </list>
              </pattern>
            </node-spec>
            <node-spec id="2">
              <pattern>
                <list>
                  <symbol>load</symbol>
                  <item-var>?object</item-var>
                </list>
              </pattern>
            </node-spec>
            <node-spec id="3">
              <pattern>
                <list>
                  <symbol>travel</symbol>
                  <item-var>?object</item-var>
                </list>
              </pattern>
            </node-spec>
            <node-spec id="4">
              <pattern>
                <list>
                  <symbol>unload</symbol>
                  <item-var>?object</item-var>
                </list>
              </pattern>
            </node-spec>
          </list>
        </nodes>
        <orderings>
          <list>
            <ordering>
              <from>
                <node-end-ref end="end" node="1" />
              </from>
              <to>
                <node-end-ref end="begin" node="2" />
              </to>
            </ordering>
            <ordering>
              <from>
                <node-end-ref end="end" node="2" />
              </from>
              <to>
                <node-end-ref end="begin" node="3" />
              </to>
            </ordering>
            <ordering>
              <from>
                <node-end-ref end="end" node="3" />
              </from>
              <to>
                <node-end-ref end="begin" node="4" />
              </to>
            </ordering>
          </list>
        </orderings>
        <comments>
          <string />
        </comments>
      </refinement>
      <refinement>
        <name>
          <string>sop-021-assign-truck</string>
        </name>
        <pattern>
          <list>
            <symbol>select-transport-at</symbol>
            <item-var>?location</item-var>
          </list>
        </pattern>
        <nodes>
          <list>
            <node-spec id="1">
              <pattern>
                <list>
                  <symbol>assign</symbol>
                  <symbol>truck</symbol>
                  <item-var>?location</item-var>
                </list>
              </pattern>
            </node-spec>
          </list>
        </nodes>
        <orderings>
          <list />
        </orderings>
        <comments>
          <string />
        </comments>
      </refinement>
      <refinement>
        <name>
          <string>sop-022-assign-helicopter</string>
        </name>
        <pattern>
          <list>
            <symbol>select-transport-at</symbol>
            <item-var>?location</item-var>
          </list>
        </pattern>
        <nodes>
          <list>
            <node-spec id="1">
              <pattern>
                <list>
                  <symbol>report</symbol>
                  <symbol>supervisor</symbol>
                  <symbol>seek-authority</symbol>
                  <symbol>helicopter</symbol>
                  <item-var>?location</item-var>
                </list>
              </pattern>
            </node-spec>
            <node-spec id="2">
              <pattern>
                <list>
                  <symbol>assign</symbol>
                  <symbol>helicopter</symbol>
                  <item-var>?location</item-var>
                </list>
              </pattern>
            </node-spec>
          </list>
        </nodes>
        <orderings>
          <list>
            <ordering>
              <from>
                <node-end-ref end="end" node="1" />
              </from>
              <to>
                <node-end-ref end="begin" node="2" />
              </to>
            </ordering>
          </list>
        </orderings>
        <comments>
          <string />
        </comments>
      </refinement>
    </list>
  </refinements>
</domain>

