<?xml version="1.0" encoding="UTF-8"?>

<!-- 
	properties for I-X-Compendium handler:
-->

<properties>
        <!-- xml  (needs ix-name)
             jabber (needs jabber-name, jabber-server and jabber-resource)
        -->
    	<compendium-comms>xml</compendium-comms>
    	<compendium-ix-name>Compendium</compendium-ix-name>
    	<compendium-jabber-name>IX-demo-0</compendium-jabber-name>
    	<compendium-jabber-server>jabber.org</compendium-jabber-server>
   	<compendium-jabber-resource>Compendium</compendium-jabber-resource>
</properties> 