<?xml version="1.0" encoding="UTF-8"?>
<!-- Use &quot; to put double quotes within the menu-text string -->

<list>

   <test-separator />

   <test-item menu-text="Hold OODA meeting" to-name="me">
      <contents>
         <activity>
            <pattern>
               <list-text>(hold-meeting ooda-meeting)</list-text>
            </pattern>
         </activity>
      </contents>
   </test-item>

   <test-item menu-text="Search-and-Rescue demonstration" to-name="me">
      <contents>
         <activity>
            <pattern>
               <list-text>(rescue incident-124)</list-text>
            </pattern>
         </activity>
      </contents>
   </test-item>

   <test-item menu-text="PRETC checklist" to-name="me">
      <contents>
         <activity>
            <pattern>
               <list-text>(checklist incident-phase incident-124)</list-text>
            </pattern>
         </activity>
      </contents>
   </test-item>

</list>
