<?xml version="1.0" encoding="UTF-8"?>
<!-- Use &quot; to put double quotes within the menu-text string -->

<list>

   <test-separator/>

   <test-item
         menu-text="Deliver whisky tutorial">
      <contents>   
         <activity priority="normal"
                   report-back="no">
            <pattern>
               <list>
                  <symbol>deliver</symbol>
                  <symbol>whisky-tutorial</symbol>
               </list>
            </pattern>
         </activity>
      </contents>
   </test-item>

   <test-item
         menu-text="Instruct beginner about Balmenach">
      <contents>   
         <activity priority="normal"
                   report-back="no">
            <pattern>
               <list>
                  <symbol>instruct</symbol>
                  <symbol>beginner</symbol>
                  <symbol>Balmenach</symbol>
               </list>
            </pattern>
         </activity>
      </contents>
   </test-item>

<!--
   <test-item
         menu-text="  Instruct beginner about Ben Nevis">
      <contents>   
         <activity priority="normal"
                   report-back="no">
            <pattern>
               <list>
                  <symbol>instruct</symbol>
                  <symbol>beginner</symbol>
                  <string>Ben Nevis</string>
               </list>
            </pattern>
         </activity>
      </contents>
   </test-item>

   <test-item
         menu-text="  Instruct expert about Tobermory">
      <contents>   
         <activity priority="normal"
                   report-back="no">
            <pattern>
               <list>
                  <symbol>instruct</symbol>
                  <symbol>expert</symbol>
                  <symbol>Tobermory</symbol>
               </list>
            </pattern>
         </activity>
      </contents>
   </test-item>

   <test-item
         menu-text="  Instruct expert about Laphroaig palate"
	 to-name="me">
      <contents>   
         <activity priority="normal"
                   report-back="no">
            <pattern>
               <list>
                  <symbol>instruct</symbol>
                  <symbol>expert</symbol>
		  <symbol>Laphroaig</symbol>
		  <symbol>palate</symbol>
               </list>
            </pattern>
         </activity>
      </contents>
   </test-item>
-->

   <test-item
         menu-text="Display via $to Unlocking the Mystery Title"
	 to-name="I-Room Helper">
      <contents>   
         <activity priority="normal"
                   report-back="yes">
            <pattern>
               <list>
                  <symbol>display</symbol>
                  <symbol>screen1</symbol>
                  <symbol>http://www.aiai.ed.ac.uk/project/i-room/resources/vwow/tutorial/img/00-Unlocking-The-Mystery.jpg</symbol>
               </list>
            </pattern>
         </activity>
      </contents>
   </test-item>

<!--
   <test-item
         menu-text="Display via $to Vue Live Video"
	 to-name="I-Room Helper">
      <contents>   
         <activity priority="normal"
                   report-back="yes">
            <pattern>
               <list>
                  <symbol>display</symbol>
                  <symbol>screen1</symbol>
                  <symbol>rtsp://media.aiai.ed.ac.uk:554/vue.sdp</symbol>
               </list>
            </pattern>
         </activity>
      </contents>
   </test-item>

   <test-item
         menu-text="Display via $to Scottish Tourism Video"
	 to-name="I-Room Helper">
      <contents>   
         <activity priority="normal"
                   report-back="yes">
            <pattern>
               <list>
                  <symbol>display</symbol>
                  <symbol>screen1</symbol>
                  <symbol>rtsp://media.aiai.ed.ac.uk:554/Video/VWoW/Scotland-Edinburgh-Tourism.mov</symbol>
               </list>
            </pattern>
         </activity>
      </contents>
   </test-item>
-->

   <test-item
         menu-text="Display via $to VWoW Demo Video"
	 to-name="I-Room Helper">
      <contents>   
         <activity priority="normal"
                   report-back="yes">
            <pattern>
               <list>
                  <symbol>display</symbol>
                  <symbol>screen1</symbol>
                  <symbol>rtsp://media.aiai.ed.ac.uk:554/Video/VWoW/2008-01-25-VWoW-Burns-Night-Lo.mov</symbol>
               </list>
            </pattern>
         </activity>
      </contents>
   </test-item>

<!--
   <test-separator/>

   <test-item
         menu-text="  Display via $to screen1 On"
	 to-name="I-Room Helper">
      <contents>   
         <activity priority="normal"
                   report-back="yes">
            <pattern>
               <list>
                  <symbol>display</symbol>
                  <symbol>screen1</symbol>
                  <symbol>on</symbol>
               </list>
            </pattern>
         </activity>
      </contents>
   </test-item>

   <test-item
         menu-text="  Display via $to screen1 Off"
	 to-name="I-Room Helper">
      <contents>   
         <activity priority="normal"
                   report-back="yes">
            <pattern>
               <list>
                  <symbol>display</symbol>
                  <symbol>screen1</symbol>
                  <symbol>off</symbol>
               </list>
            </pattern>
         </activity>
      </contents>
   </test-item>

   <test-item
         menu-text="  Display via $to screen1 Reset"
	 to-name="I-Room Helper">
      <contents>   
         <activity priority="normal"
                   report-back="yes">
            <pattern>
               <list>
                  <symbol>display</symbol>
                  <symbol>screen1</symbol>
                  <symbol>reset</symbol>
               </list>
            </pattern>
         </activity>
      </contents>
   </test-item>

   <test-item
         menu-text="  Display via $to screen1 live"
	 to-name="I-Room Helper">
      <contents>   
         <activity priority="normal"
                   report-back="yes">
            <pattern>
               <list>
                  <symbol>display</symbol>
                  <symbol>screen1</symbol>
                  <symbol>live</symbol>
               </list>
            </pattern>
         </activity>
      </contents>
   </test-item>

   <test-item
         menu-text="  Display via $to screen2 On"
	 to-name="I-Room Helper">
      <contents>   
         <activity priority="normal"
                   report-back="yes">
            <pattern>
               <list>
                  <symbol>display</symbol>
                  <symbol>screen2</symbol>
                  <symbol>on</symbol>
               </list>
            </pattern>
         </activity>
      </contents>
   </test-item>

   <test-item
         menu-text="  Display via $to screen2 Off"
	 to-name="I-Room Helper">
      <contents>   
         <activity priority="normal"
                   report-back="yes">
            <pattern>
               <list>
                  <symbol>display</symbol>
                  <symbol>screen2</symbol>
                  <symbol>off</symbol>
               </list>
            </pattern>
         </activity>
      </contents>
   </test-item>

   <test-item
         menu-text="  Display via $to screen2 Reset"
	 to-name="I-Room Helper">
      <contents>   
         <activity priority="normal"
                   report-back="yes">
            <pattern>
               <list>
                  <symbol>display</symbol>
                  <symbol>screen2</symbol>
                  <symbol>reset</symbol>
               </list>
            </pattern>
         </activity>
      </contents>
   </test-item>

   <test-item
         menu-text="  Display via $to screen2 title"
	 to-name="I-Room Helper">
      <contents>   
         <activity priority="normal"
                   report-back="yes">
            <pattern>
               <list>
                  <symbol>display</symbol>
                  <symbol>screen2</symbol>
                  <symbol>title</symbol>
               </list>
            </pattern>
         </activity>
      </contents>
   </test-item>

   <test-item
         menu-text="  Display via $to screen2 scotland"
	 to-name="I-Room Helper">
      <contents>   
         <activity priority="normal"
                   report-back="yes">
            <pattern>
               <list>
                  <symbol>display</symbol>
                  <symbol>screen2</symbol>
                  <symbol>scotland</symbol>
               </list>
            </pattern>
         </activity>
      </contents>
   </test-item>

   <test-item
         menu-text="  Display via $to screen2 regions"
	 to-name="I-Room Helper">
      <contents>   
         <activity priority="normal"
                   report-back="yes">
            <pattern>
               <list>
                  <symbol>display</symbol>
                  <symbol>screen2</symbol>
                  <symbol>regions</symbol>
               </list>
            </pattern>
         </activity>
      </contents>
   </test-item>

   <test-item
         menu-text="  Display via $to screen2 process"
	 to-name="I-Room Helper">
      <contents>   
         <activity priority="normal"
                   report-back="yes">
            <pattern>
               <list>
                  <symbol>display</symbol>
                  <symbol>screen2</symbol>
                  <symbol>process</symbol>
               </list>
            </pattern>
         </activity>
      </contents>
   </test-item>

   <test-item
         menu-text="  Display via $to screen2 distill"
	 to-name="I-Room Helper">
      <contents>   
         <activity priority="normal"
                   report-back="yes">
            <pattern>
               <list>
                  <symbol>display</symbol>
                  <symbol>screen2</symbol>
                  <symbol>distill</symbol>
               </list>
            </pattern>
         </activity>
      </contents>
   </test-item>

   <test-item
         menu-text="  Display via $to screen2 kiln"
	 to-name="I-Room Helper">
      <contents>   
         <activity priority="normal"
                   report-back="yes">
            <pattern>
               <list>
                  <symbol>display</symbol>
                  <symbol>screen2</symbol>
                  <symbol>kiln</symbol>
               </list>
            </pattern>
         </activity>
      </contents>
   </test-item>

   <test-item
         menu-text="  Display via $to screen2 still"
	 to-name="I-Room Helper">
      <contents>   
         <activity priority="normal"
                   report-back="yes">
            <pattern>
               <list>
                  <symbol>display</symbol>
                  <symbol>screen2</symbol>
                  <symbol>still</symbol>
               </list>
            </pattern>
         </activity>
      </contents>
   </test-item>

-->

</list>
