<?xml version="1.0" encoding="UTF-8"?>
<!-- Use &quot; to put double quotes within the menu-text string -->

<list>

   <test-item
         menu-text="Say Welcome!" to-name="me">
      <contents>   
         <activity>
            <pattern>
               <list>
                  <symbol>say</symbol>
                  <symbol>Welcome!</symbol>
               </list>
            </pattern>
         </activity>
      </contents>
   </test-item>

   <test-item menu-text="Hold new meeting" to-name="me">
      <contents>
         <activity>
            <pattern>
               <list-text>(hold-meeting demo-meeting)</list-text>
            </pattern>
         </activity>
      </contents>
   </test-item>

   <test-item
         menu-text="After meeting - record minutes and create next agenda"
	 to-name="me">
      <contents>   
         <activity priority="normal"
                   report-back="no">
            <pattern>
               <list>
                  <symbol>document-meeting</symbol>
               </list>
            </pattern>
         </activity>
      </contents>
   </test-item>

<test-separator />

   <test-item
         menu-text="Request list of attendees in I-Room"
	 to-name="I-Room Helper">
      <contents>   
         <activity priority="normal"
                   report-back="no">
            <pattern>
               <list>
                  <symbol>describe</symbol>
                  <symbol>avatars</symbol>
               </list>
            </pattern>
         </activity>
      </contents>
   </test-item>

<!--
   <test-item
         menu-text="Show welcome text on I-Room LED display"
	 to-name="I-Room Helper">
      <contents>   
         <activity priority="normal"
                   report-back="no">
            <pattern>
               <list>
                  <symbol>show</symbol>
                  <symbol>Welcome to the I-Room</symbol>
               </list>
            </pattern>
         </activity>
      </contents>
   </test-item>
-->

   <test-item
         menu-text="Display I-Room URL in I-Room"
	 to-name="I-Room Helper">
      <contents>   
         <activity priority="normal"
                   report-back="yes">
            <pattern>
               <list>
                  <symbol>display</symbol>
                  <symbol>screen1</symbol>
                  <symbol>http://www.aiai.ed.ac.uk/project/i-room/</symbol>
               </list>
            </pattern>
         </activity>
      </contents>
   </test-item>

   <test-item
         menu-text="Display Vue video in I-Room"
	 to-name="I-Room Helper">
      <contents>   
         <activity priority="normal"
                   report-back="yes">
            <pattern>
               <list>
                  <symbol>display</symbol>
                  <symbol>screen1</symbol>
                  <symbol>rtsp://media.aiai.ed.ac.uk:554/vue.sdp</symbol>
               </list>
            </pattern>
         </activity>
      </contents>
   </test-item>

<!--
   <test-item
         menu-text="  Show file URL - local index"
	 to-name="me">
      <contents>   
         <activity report-back="no">
            <pattern>
               <list>
                  <symbol>show-url</symbol>
                  <symbol>file:./resources/html/ix-info.html</symbol>
               </list>
            </pattern>
         </activity>
      </contents>
   </test-item>
-->

<!--
   <test-item
         menu-text="Load next meeting agenda - file URL"
	 to-name="me">
      <contents>   
         <activity report-back="no">
            <pattern>
               <list>
                  <symbol>load-plan</symbol>
                  <symbol>file:./tmp/next-meeting-agenda.lsp</symbol>
               </list>
            </pattern>
         </activity>
      </contents>
   </test-item>

   <test-item
         menu-text="Show meeting minutes - file URL"
	 to-name="me">
      <contents>   
         <activity report-back="no">
            <pattern>
               <list>
                  <symbol>show-url</symbol>
                  <symbol>file:./files</symbol>
               </list>
            </pattern>
         </activity>
      </contents>
   </test-item>

   <test-item
         menu-text="Show next meeting agenda - file URL"
	 to-name="me">
      <contents>   
         <activity report-back="no">
            <pattern>
               <list>
                  <symbol>show-url</symbol>
                  <symbol>file:./tmp/next-meeting-agenda.lsp</symbol>
               </list>
            </pattern>
         </activity>
      </contents>
   </test-item>
-->

</list>
