<?xml version="1.0" encoding="UTF-8"?>

<!-- 
	properties for whisky tasting handler:
-->

<properties>
	<video>
	  <refersTo>all</refersTo>
	  <uri>rtsp://media.aiai.ed.ac.uk:554/Video/VWoW/VWoW-Scotch-Whisky-Tasting-All-Lo.mov</uri>
	</video>
	<video>
	  <refersTo>introduction</refersTo>
	  <uri>rtsp://media.aiai.ed.ac.uk:554/Video/VWoW/VWoW-Scotch-Whisky-Tasting-Intro-Lo.mov</uri>
	</video>
	<video>
	  <refersTo>HighlandMalt</refersTo>
	  <refersTo>CentralHighlandMalt</refersTo>
	  <refersTo>WesternHighlandMalt</refersTo>
	  <refersTo>EasternHighlandMalt</refersTo>
	  <refersTo>SouthernHighlandMalt</refersTo>
	  <refersTo>NorthernHighlandMalt</refersTo>
	  <uri>rtsp://media.aiai.ed.ac.uk:554/Video/VWoW/VWoW-Scotch-Whisky-Tasting-Highland-Lo.mov</uri>
	</video>
	<video>
	  <refersTo>IslandMalt</refersTo>
	  <uri>rtsp://media.aiai.ed.ac.uk:554/Video/VWoW/VWoW-Scotch-Whisky-Tasting-Islands-Lo.mov</uri>
	</video>
	<video>
	  <refersTo>LowlandMalt</refersTo>
	  <uri>rtsp://media.aiai.ed.ac.uk:554/Video/VWoW/VWoW-Scotch-Whisky-Tasting-Lowland-Lo.mov</uri>
	</video>
	<video>
	  <refersTo>SpeysideMalt</refersTo>
	  <uri>rtsp://media.aiai.ed.ac.uk:554/Video/VWoW/VWoW-Scotch-Whisky-Tasting-Speyside-Lo.mov</uri>
	</video>
	<video>
	  <refersTo>IslayMalt</refersTo>
	  <uri>rtsp://media.aiai.ed.ac.uk:554/Video/VWoW/VWoW-Scotch-Whisky-Tasting-Islay-Lo.mov</uri>
	</video>
	<video>
	  <refersTo>CampbeltownMalt</refersTo>
	  <uri/>
	</video>
</properties>
