<?xml version="1.0" encoding="UTF-8"?>
<plan>
   <plan-nodes>
      <list>
         <plan-node id="node-0">
            <activity>
               <activity status="possible" priority="normal">
                  <annotations>
                     <map>
                        <map-entry>
                           <key>
                              <symbol>comments</symbol>
                           </key>
                           <value>
                              <string>on: Aberdeen; re: Rolls-Royce work</string>
                           </value>
                        </map-entry>
                     </map>
                  </annotations>
                  <pattern>
                     <list>
                        <symbol>send</symbol>
                        <symbol>invoice</symbol>
                        <symbol>to</symbol>
                        <symbol>other</symbol>
                        <symbol>partners</symbol>
                     </list>
                  </pattern>
               </activity>
            </activity>
         </plan-node>
         <plan-node id="node-1">
            <activity>
               <activity status="possible" priority="normal">
                  <annotations>
                     <map>
                        <map-entry>
                           <key>
                              <symbol>comments</symbol>
                           </key>
                           <value>
                              <string>on: Sheffield</string>
                           </value>
                        </map-entry>
                     </map>
                  </annotations>
                  <pattern>
                     <list>
                        <symbol>clarify</symbol>
                        <symbol>state</symbol>
                        <symbol>of</symbol>
                        <symbol>videoconference</symbol>
                        <symbol>connection</symbol>
                     </list>
                  </pattern>
               </activity>
            </activity>
         </plan-node>
         <plan-node id="node-2">
            <activity>
               <activity status="possible" priority="normal">
                  <annotations>
                     <map>
                        <map-entry>
                           <key>
                              <symbol>comments</symbol>
                           </key>
                           <value>
                              <string>on: Aberdeen</string>
                           </value>
                        </map-entry>
                     </map>
                  </annotations>
                  <pattern>
                     <list>
                        <symbol>clarify</symbol>
                        <symbol>contribution</symbol>
                        <symbol>to</symbol>
                        <symbol>Portal</symbol>
                        <symbol>work</symbol>
                     </list>
                  </pattern>
               </activity>
            </activity>
         </plan-node>
         <plan-node id="node-3">
            <activity>
               <activity status="possible" priority="normal">
                  <annotations>
                     <map>
                        <map-entry>
                           <key>
                              <symbol>comments</symbol>
                           </key>
                           <value>
                              <string>on: Soton; when: today/tomorrow</string>
                           </value>
                        </map-entry>
                     </map>
                  </annotations>
                  <pattern>
                     <list>
                        <symbol>distribute</symbol>
                        <symbol>Portal</symbol>
                        <symbol>Scenario</symbol>
                        <symbol>document</symbol>
                     </list>
                  </pattern>
               </activity>
            </activity>
         </plan-node>
         <plan-node id="node-4">
            <activity>
               <activity status="possible" priority="normal">
                  <annotations>
                     <map>
                        <map-entry>
                           <key>
                              <symbol>comments</symbol>
                           </key>
                           <value>
                              <string>on: all [need another 10-15]</string>
                           </value>
                        </map-entry>
                     </map>
                  </annotations>
                  <pattern>
                     <list>
                        <symbol>consider</symbol>
                        <symbol>other</symbol>
                        <symbol>attendees</symbol>
                        <symbol>for</symbol>
                        <symbol>Town</symbol>
                        <symbol>Meeting</symbol>
                     </list>
                  </pattern>
               </activity>
            </activity>
         </plan-node>
         <plan-node id="node-5">
            <activity>
               <activity status="possible" priority="normal">
                  <annotations>
                     <map>
                        <map-entry>
                           <key>
                              <symbol>comments</symbol>
                           </key>
                           <value>
                              <string>on: Edinburgh; re: KRAFT-IX work, in context of process support [20 mins]</string>
                           </value>
                        </map-entry>
                     </map>
                  </annotations>
                  <pattern>
                     <list>
                        <symbol>prepare</symbol>
                        <symbol>presentation</symbol>
                        <symbol>for</symbol>
                        <symbol>Town</symbol>
                        <symbol>Meeting</symbol>
                     </list>
                  </pattern>
               </activity>
            </activity>
         </plan-node>
         <plan-node id="node-6">
            <activity>
               <activity status="possible" priority="normal">
                  <annotations>
                     <map>
                        <map-entry>
                           <key>
                              <symbol>comments</symbol>
                           </key>
                           <value>
                              <string>on: Soton; when: over next few days</string>
                           </value>
                        </map-entry>
                     </map>
                  </annotations>
                  <pattern>
                     <list>
                        <symbol>coordination</symbol>
                        <symbol>of</symbol>
                        <symbol>Town</symbol>
                        <symbol>Meeting</symbol>
                        <symbol>presentations</symbol>
                     </list>
                  </pattern>
               </activity>
            </activity>
         </plan-node>
         <plan-node id="node-7">
            <activity>
               <activity status="possible" priority="normal">
                  <annotations>
                     <map>
                        <map-entry>
                           <key>
                              <symbol>comments</symbol>
                           </key>
                           <value>
                              <string>on: all</string>
                           </value>
                        </map-entry>
                     </map>
                  </annotations>
                  <pattern>
                     <list>
                        <symbol>consider</symbol>
                        <symbol>format/contents</symbol>
                        <symbol>of</symbol>
                        <symbol>Grand</symbol>
                        <symbol>Challenges</symbol>
                        <symbol>workshop</symbol>
                     </list>
                  </pattern>
               </activity>
            </activity>
         </plan-node>
      </list>
   </plan-nodes>
   <world-state>
      <list/>
   </world-state>
</plan>
