<?xml version="1.0" encoding="UTF-8"?>
<domain xmlns="http://www.aiai.ed.ac.uk/project/ix/">
 <refinements>
  <list>
   <refinement>
    <name>
     <string>simple-missions</string>
    </name>
    <pattern>
     <list>
      <symbol>sample-missions</symbol>
     </list>
    </pattern>
    <nodes>
     <list>
      <node-spec id="1">
       <pattern>
        <list>
         <symbol>rescue</symbol>
         <symbol>F15-Pilot</symbol>
         <symbol>sea</symbol>
         <symbol>burns</symbol>
         <double>18.0</double>
         <double>40.0</double>
        </list>
       </pattern>
      </node-spec>
      <node-spec id="2">
       <pattern>
        <list>
         <symbol>rescue</symbol>
         <symbol>F15-Pilot</symbol>
         <symbol>land</symbol>
         <symbol>fractures</symbol>
         <double>14.0</double>
         <double>34.0</double>
        </list>
       </pattern>
      </node-spec>
     </list>
    </nodes>
    <comments>
     <string />
    </comments>
   </refinement>
   <refinement>
    <name>
     <string>full-missions</string>
    </name>
    <pattern>
     <list>
      <symbol>sample-missions</symbol>
     </list>
    </pattern>
    <nodes>
     <list>
      <node-spec id="1">
       <pattern>
        <list>
         <symbol>rescue</symbol>
         <symbol>F15-Pilot</symbol>
         <symbol>sea</symbol>
         <symbol>burns</symbol>
        </list>
       </pattern>
      </node-spec>
      <node-spec id="2">
       <pattern>
        <list>
         <symbol>rescue</symbol>
         <symbol>F15-Pilot</symbol>
         <symbol>land</symbol>
         <symbol>fractures</symbol>
        </list>
       </pattern>
      </node-spec>
     </list>
    </nodes>
    <comments>
     <string />
    </comments>
   </refinement>
   <refinement>
    <name>
     <string>sop-sar-mission-simple</string>
    </name>
    <pattern>
     <list>
      <symbol>rescue</symbol>
      <item-var>?pilot</item-var>
      <item-var>?origin-type</item-var>
      <item-var>?injury</item-var>
      <item-var>?lat</item-var>
      <item-var>?long</item-var>
     </list>
    </pattern>
    <variable-declarations>
     <list>
      <variable-declaration name="?country" />
      <variable-declaration name="?hospital" />
      <variable-declaration name="?pilot" />
      <variable-declaration name="?origin-type" />
      <variable-declaration name="?injury" />
      <variable-declaration name="?lat" />
      <variable-declaration name="?long" />
      <variable-declaration name="?sar-resource" />
     </list>
    </variable-declarations>
    <nodes>
     <list>
      <node-spec id="1">
       <pattern>
        <list>
         <symbol>select-hospital</symbol>
         <item-var>?injury</item-var>
         <item-var>?hospital</item-var>
         <item-var>?country</item-var>
        </list>
       </pattern>
      </node-spec>
      <node-spec id="2">
       <pattern>
        <list>
         <symbol>select-sar-resource</symbol>
         <item-var>?origin-type</item-var>
         <item-var>?country</item-var>
         <item-var>?sar-resource</item-var>
        </list>
       </pattern>
      </node-spec>
      <node-spec id="3">
       <pattern>
        <list>
         <symbol>notify</symbol>
         <symbol>SAR-Mission-001</symbol>
         <item-var>?sar-resource</item-var>
         <item-var>?sar-resource</item-var>
         <item-var>?lat</item-var>
         <item-var>?long</item-var>
         <item-var>?hospital</item-var>
         <item-var>?country</item-var>
        </list>
       </pattern>
      </node-spec>
      <node-spec id="4">
       <pattern>
        <list>
         <symbol>notify</symbol>
         <symbol>SAR-Mission-001</symbol>
         <item-var>?sar-resource</item-var>
         <item-var>?hospital</item-var>
         <item-var>?pilot</item-var>
         <item-var>?injury</item-var>
        </list>
       </pattern>
      </node-spec>
     </list>
    </nodes>
    <orderings>
     <list>
      <ordering>
       <from>
        <node-end-ref end="end" node="1" />
       </from>
       <to>
        <node-end-ref end="begin" node="2" />
       </to>
      </ordering>
      <ordering>
       <from>
        <node-end-ref end="end" node="2" />
       </from>
       <to>
        <node-end-ref end="begin" node="3" />
       </to>
      </ordering>
      <ordering>
       <from>
        <node-end-ref end="end" node="2" />
       </from>
       <to>
        <node-end-ref end="begin" node="4" />
       </to>
      </ordering>
     </list>
    </orderings>
    <issues>
     <list>
      <issue status="blank" priority="normal">
       <pattern>
        <list>
         <symbol>are</symbol>
         <symbol>country</symbol>
         <symbol>and</symbol>
         <symbol>sar-resource</symbol>
         <symbol>chosen</symbol>
         <symbol>allowed</symbol>
        </list>
       </pattern>
      </issue>
     </list>
    </issues>
    <comments>
     <string />
    </comments>
   </refinement>
   <refinement>
    <name>
     <string>sop-sar-mission</string>
    </name>
    <pattern>
     <list>
      <symbol>rescue</symbol>
      <item-var>?pilot</item-var>
      <item-var>?origin-type</item-var>
      <item-var>?injury</item-var>
     </list>
    </pattern>
    <variable-declarations>
     <list>
      <variable-declaration name="?h-lat" />
      <variable-declaration name="?h-long" />
      <variable-declaration name="?hospital" />
      <variable-declaration name="?injury" />
      <variable-declaration name="?lat" />
      <variable-declaration name="?long" />
      <variable-declaration name="?origin-type" />
      <variable-declaration name="?pilot" />
      <variable-declaration name="?vehicle-type" />
      <variable-declaration name="?vehicle" />
     </list>
    </variable-declarations>
    <nodes>
     <list>
      <node-spec id="1">
       <pattern>
        <list>
         <symbol>establish-location</symbol>
         <item-var>?pilot</item-var>
         <item-var>?lat</item-var>
         <item-var>?long</item-var>
        </list>
       </pattern>
      </node-spec>
      <node-spec id="2">
       <pattern>
        <list>
         <symbol>dropoff</symbol>
         <item-var>?pilot</item-var>
        </list>
       </pattern>
      </node-spec>
      <node-spec id="3">
       <pattern>
        <list>
         <symbol>fly</symbol>
         <item-var>?lat</item-var>
         <item-var>?long</item-var>
        </list>
       </pattern>
      </node-spec>
      <node-spec id="4">
       <pattern>
        <list>
         <symbol>establish-injury</symbol>
         <item-var>?pilot</item-var>
         <item-var>?injury</item-var>
        </list>
       </pattern>
      </node-spec>
      <node-spec id="5">
       <pattern>
        <list>
         <symbol>select-vehicle-type</symbol>
         <item-var>?vehicle-type</item-var>
        </list>
       </pattern>
      </node-spec>
      <node-spec id="6">
       <pattern>
        <list>
         <symbol>assign-vehicle</symbol>
         <item-var>?vehicle-type</item-var>
         <item-var>?vehicle</item-var>
        </list>
       </pattern>
      </node-spec>
      <node-spec id="7">
       <pattern>
        <list>
         <symbol>select-medical-facility</symbol>
         <item-var>?injury</item-var>
         <item-var>?hospital</item-var>
        </list>
       </pattern>
      </node-spec>
      <node-spec id="8">
       <pattern>
        <list>
         <symbol>select</symbol>
         <list>
          <symbol>latitude</symbol>
          <item-var>?hospital</item-var>
         </list>
         <symbol>=</symbol>
         <item-var>?h-lat</item-var>
         <list>
          <symbol>longitude</symbol>
          <item-var>?hospital</item-var>
         </list>
         <symbol>=</symbol>
         <item-var>?h-long</item-var>
        </list>
       </pattern>
      </node-spec>
      <node-spec id="9">
       <pattern>
        <list>
         <symbol>pickup</symbol>
         <item-var>?pilot</item-var>
         <item-var>?lat</item-var>
         <item-var>?long</item-var>
        </list>
       </pattern>
      </node-spec>
      <node-spec id="10">
       <pattern>
        <list>
         <symbol>fly</symbol>
         <item-var>?h-lat</item-var>
         <item-var>?h-long</item-var>
        </list>
       </pattern>
      </node-spec>
     </list>
    </nodes>
    <orderings>
     <list>
      <ordering>
       <from>
        <node-end-ref end="end" node="1" />
       </from>
       <to>
        <node-end-ref end="begin" node="5" />
       </to>
      </ordering>
      <ordering>
       <from>
        <node-end-ref end="end" node="10" />
       </from>
       <to>
        <node-end-ref end="begin" node="2" />
       </to>
      </ordering>
      <ordering>
       <from>
        <node-end-ref end="end" node="3" />
       </from>
       <to>
        <node-end-ref end="begin" node="9" />
       </to>
      </ordering>
      <ordering>
       <from>
        <node-end-ref end="end" node="4" />
       </from>
       <to>
        <node-end-ref end="begin" node="7" />
       </to>
      </ordering>
      <ordering>
       <from>
        <node-end-ref end="end" node="5" />
       </from>
       <to>
        <node-end-ref end="begin" node="6" />
       </to>
      </ordering>
      <ordering>
       <from>
        <node-end-ref end="end" node="6" />
       </from>
       <to>
        <node-end-ref end="begin" node="3" />
       </to>
      </ordering>
      <ordering>
       <from>
        <node-end-ref end="end" node="7" />
       </from>
       <to>
        <node-end-ref end="begin" node="8" />
       </to>
      </ordering>
      <ordering>
       <from>
        <node-end-ref end="end" node="8" />
       </from>
       <to>
        <node-end-ref end="begin" node="10" />
       </to>
      </ordering>
      <ordering>
       <from>
        <node-end-ref end="end" node="9" />
       </from>
       <to>
        <node-end-ref end="begin" node="10" />
       </to>
      </ordering>
     </list>
    </orderings>
    <comments>
     <string />
    </comments>
   </refinement>
   <refinement>
    <name>
     <string>sop-select-hospitals-1</string>
    </name>
    <pattern>
     <list>
      <symbol>select-hospital</symbol>
      <item-var>?injury</item-var>
      <item-var>?hospital</item-var>
      <item-var>?country</item-var>
     </list>
    </pattern>
    <variable-declarations>
     <list>
      <variable-declaration name="?injury" />
      <variable-declaration name="?hospital" />
      <variable-declaration name="?med-capability" />
      <variable-declaration name="?country" />
     </list>
    </variable-declarations>
    <nodes>
     <list>
      <node-spec id="1">
       <pattern>
        <list>
         <symbol>lookup-hospitals</symbol>
        </list>
       </pattern>
      </node-spec>
      <node-spec id="2">
       <pattern>
        <list>
         <symbol>select</symbol>
         <list>
          <symbol>hospital</symbol>
          <item-var>?hospital</item-var>
         </list>
         <list>
          <symbol>medical-capability</symbol>
          <item-var>?hospital</item-var>
          <item-var>?med-capability</item-var>
         </list>
         <list>
          <symbol>country</symbol>
          <item-var>?hospital</item-var>
         </list>
         <symbol>=</symbol>
         <item-var>?country</item-var>
        </list>
       </pattern>
      </node-spec>
     </list>
    </nodes>
    <orderings>
     <list>
      <ordering>
       <from>
        <node-end-ref end="end" node="1" />
       </from>
       <to>
        <node-end-ref end="begin" node="2" />
       </to>
      </ordering>
     </list>
    </orderings>
    <comments>
     <string />
    </comments>
   </refinement>
   <refinement>
    <name>
     <string>sop-select-hospitals-2</string>
    </name>
    <pattern>
     <list>
      <symbol>select-hospital</symbol>
      <item-var>?injury</item-var>
      <item-var>?hospital</item-var>
      <item-var>?country</item-var>
     </list>
    </pattern>
    <variable-declarations>
     <list>
      <variable-declaration name="?injury" />
      <variable-declaration name="?hospital" />
      <variable-declaration name="?med-capability" />
      <variable-declaration name="?country" />
     </list>
    </variable-declarations>
    <nodes>
     <list>
      <node-spec id="1">
       <pattern>
        <list>
         <symbol>lookup-hospitals</symbol>
        </list>
       </pattern>
      </node-spec>
      <node-spec id="2">
       <pattern>
        <list>
         <symbol>choose-hospital</symbol>
         <item-var>?hospital</item-var>
         <item-var>?med-capability</item-var>
        </list>
       </pattern>
      </node-spec>
     </list>
    </nodes>
    <orderings>
     <list>
      <ordering>
       <from>
        <node-end-ref end="end" node="1" />
       </from>
       <to>
        <node-end-ref end="begin" node="2" />
       </to>
      </ordering>
     </list>
    </orderings>
    <comments>
     <string />
    </comments>
   </refinement>
   <refinement>
    <name>
     <string>sop-select-hospitals-3</string>
    </name>
    <pattern>
     <list>
      <symbol>select-hospital</symbol>
      <item-var>?injury</item-var>
      <item-var>?hospital</item-var>
      <item-var>?country</item-var>
     </list>
    </pattern>
    <variable-declarations>
     <list>
      <variable-declaration name="?injury" />
      <variable-declaration name="?hospital" />
      <variable-declaration name="?med-capability" />
      <variable-declaration name="?country" />
     </list>
    </variable-declarations>
    <nodes>
     <list>
      <node-spec id="1">
       <pattern>
        <list>
         <symbol>establish</symbol>
         <item-var>?med-capability</item-var>
        </list>
       </pattern>
      </node-spec>
      <node-spec id="2">
       <pattern>
        <list>
         <symbol>lookup-hospitals</symbol>
         <item-var>?med-capability</item-var>
        </list>
       </pattern>
      </node-spec>
      <node-spec id="3">
       <pattern>
        <list>
         <symbol>select</symbol>
         <list>
          <symbol>hospital</symbol>
          <item-var>?hospital</item-var>
         </list>
         <list>
          <symbol>country</symbol>
          <item-var>?hospital</item-var>
         </list>
         <symbol>=?country</symbol>
        </list>
       </pattern>
      </node-spec>
     </list>
    </nodes>
    <orderings>
     <list>
      <ordering>
       <from>
        <node-end-ref end="end" node="1" />
       </from>
       <to>
        <node-end-ref end="begin" node="2" />
       </to>
      </ordering>
      <ordering>
       <from>
        <node-end-ref end="end" node="2" />
       </from>
       <to>
        <node-end-ref end="begin" node="3" />
       </to>
      </ordering>
     </list>
    </orderings>
    <comments>
     <string />
    </comments>
   </refinement>
   <refinement>
    <name>
     <string>sop-choose-hospital</string>
    </name>
    <pattern>
     <list>
      <symbol>choose-hospital</symbol>
      <item-var>?hospital</item-var>
      <item-var>?med-capability</item-var>
     </list>
    </pattern>
    <variable-declarations>
     <list>
      <variable-declaration name="?hospital" />
      <variable-declaration name="?med-capability" />
      <variable-declaration name="?type" />
      <variable-declaration name="?country" />
     </list>
    </variable-declarations>
    <constraints>
     <list>
      <constraint type="world-state" relation="condition">
       <parameters>
        <list>
         <pattern-assignment>
          <pattern>
           <list>
            <symbol>hospital</symbol>
            <item-var>?hospital</item-var>
           </list>
          </pattern>
          <value>
           <symbol>true</symbol>
          </value>
         </pattern-assignment>
        </list>
       </parameters>
      </constraint>
      <constraint type="world-state" relation="condition">
       <parameters>
        <list>
         <pattern-assignment>
          <pattern>
           <list>
            <symbol>type</symbol>
            <item-var>?hospital</item-var>
           </list>
          </pattern>
          <value>
           <item-var>?type</item-var>
          </value>
         </pattern-assignment>
        </list>
       </parameters>
      </constraint>
      <constraint type="world-state" relation="condition">
       <parameters>
        <list>
         <pattern-assignment>
          <pattern>
           <list>
            <symbol>medical-capability</symbol>
            <item-var>?hospital</item-var>
            <item-var>?med-capability</item-var>
           </list>
          </pattern>
          <value>
           <symbol>true</symbol>
          </value>
         </pattern-assignment>
        </list>
       </parameters>
      </constraint>
      <constraint type="world-state" relation="condition">
       <parameters>
        <list>
         <pattern-assignment>
          <pattern>
           <list>
            <symbol>country</symbol>
            <item-var>?hospital</item-var>
           </list>
          </pattern>
          <value>
           <item-var>?country</item-var>
          </value>
         </pattern-assignment>
        </list>
       </parameters>
      </constraint>
     </list>
    </constraints>
    <comments>
     <string />
    </comments>
   </refinement>
   <refinement>
    <name>
     <string>load-hospital-lookup-results</string>
    </name>
    <pattern>
     <list>
      <symbol>lookup-hospitals</symbol>
     </list>
    </pattern>
    <nodes>
     <list>
      <node-spec id="1">
       <pattern>
        <list>
         <symbol>load-plan</symbol>
         <string>domain-library/plan-after-full-hospital-lookup.xml</string>
        </list>
       </pattern>
      </node-spec>
     </list>
    </nodes>
    <comments>
     <string />
    </comments>
   </refinement>
   <refinement>
    <name>
     <string>sop-select-sar-resource</string>
    </name>
    <pattern>
     <list>
      <symbol>select-sar-resource</symbol>
      <item-var>?origin-type</item-var>
      <item-var>?country</item-var>
      <item-var>?sar-resource</item-var>
     </list>
    </pattern>
    <variable-declarations>
     <list>
      <variable-declaration name="?country" />
      <variable-declaration name="?origin-type" />
      <variable-declaration name="?sar-resource" />
     </list>
    </variable-declarations>
    <nodes>
     <list>
      <node-spec id="1">
       <pattern>
        <list>
         <symbol>lookup-sar-resources</symbol>
         <item-var>?origin-type</item-var>
         <item-var>?country</item-var>
        </list>
       </pattern>
      </node-spec>
      <node-spec id="2">
       <pattern>
        <list>
         <symbol>select</symbol>
         <list>
          <symbol>sar-resource</symbol>
          <item-var>?sar-resource</item-var>
         </list>
        </list>
       </pattern>
      </node-spec>
     </list>
    </nodes>
    <orderings>
     <list>
      <ordering>
       <from>
        <node-end-ref end="end" node="1" />
       </from>
       <to>
        <node-end-ref end="begin" node="2" />
       </to>
      </ordering>
     </list>
    </orderings>
    <comments>
     <string />
    </comments>
   </refinement>
  </list>
 </refinements>
</domain>

