<object-view name="Assets">
   <types>
     <list>
       <symbol>aircraft</symbol>
       <symbol>helicopter</symbol>
       <symbol>cutter</symbol>
       <symbol>aircraft-carrier</symbol>
       <symbol>truck</symbol>
       <symbol>sof-oda</symbol>
       <symbol>air-sea-rescue-team</symbol>
       <symbol>mountain-rescue-team</symbol>
       <symbol>maritime-aerial-recon-team</symbol>
     </list>
   </types>
   <properties>
     <list>
       <object-property name="type" syntax="string" />
       <object-property name="status" syntax="symbol" />
       <object-property name="callsign" syntax="string" />
       <object-property name="ac-type" syntax="string" />
       <object-property name="latitude" syntax="number" />
       <object-property name="longitude" syntax="number" />
       <object-property name="location" syntax="string" />
       <object-property name="alert-time" syntax="string" />
       <object-property name="range" syntax="number" />
       <object-property name="note" syntax="string" />
     </list>
   </properties>
</object-view> 