<object-view name="Hospitals">
   <types>
     <list>
       <symbol>hospital</symbol>
       <symbol>medicalcenter</symbol>
       <symbol>clinic</symbol>
     </list>
   </types>
   <properties>
     <list>
       <object-property name="type" syntax="string" />
       <object-property name="name" syntax="string" />
       <object-property name="location" syntax="string" />
       <object-property name="has-helipad" syntax="string" />
       <object-property name="latitude" syntax="number" />
       <object-property name="longitude" syntax="number" />
     </list>
   </properties>
</object-view>
