<object-view name="Incidents" object-header="incident-id">
   <types>
     <list>
       <symbol>incident</symbol>
     </list>
   </types>
   <properties>
     <list>
       <object-property name="mission-no" syntax="symbol" />
       <object-property name="inc-type" syntax="symbol" />
       <object-property name="callsign" syntax="symbol" />
       <object-property name="a/c-type" syntax="symbol" />
       <object-property name="unit" syntax="string" />
       <object-property name="pax" syntax="number" />
       <object-property name="frag-msn" syntax="string" />
       <object-property name="latitude" syntax="string" />
       <object-property name="longitude" syntax="string" />
       <object-property name="location-status" syntax="string" />
       <object-property name="communication-status" syntax="string" />
       <object-property name="threat" syntax="string" />
       <object-property name="last-contact" syntax="string" />
       <object-property name="note" syntax="string" />
     </list>
   </properties>
</object-view> 