<object-view name="Missions" object-header="mission-no">
   <types>
     <list>
       <symbol>mission</symbol>
     </list>
   </types>
   <properties>
     <list>
       <object-property name="callsign" syntax="symbol" />
       <object-property name="unit" syntax="string" />
       <object-property name="pax" syntax="number" />
       <object-property name="frag-msn" syntax="string" />
       <object-property name="latitude" syntax="number" />
       <object-property name="longitude" syntax="number" />
       <object-property name="threat" syntax="string" />
       <object-property name="last-contact" syntax="string" />
       <object-property name="note" syntax="string" />
     </list>
   </properties>
</object-view> 