<object-view name="Weather">
   <objects>
     <list>
       <symbol>weather</symbol>
     </list>
   </objects>
   <properties>
     <list>
       <object-property name="Last-updated" syntax="string" />
       <object-property name="Sunrise" syntax="string" />
       <object-property name="Sunset" syntax="string" />
       <object-property name="Moonrise" syntax="string" />
       <object-property name="Moonset" syntax="string" />
       <object-property name="BMNT" syntax="string" />
       <object-property name="EENT" syntax="string" />
       <object-property name="Wind-measured-at" syntax="string" />
       <object-property name="Wind-direction" syntax="string" />
       <object-property name="Wind-speed" syntax="string" />
       <object-property name="Wind-gusts" syntax="string" />
       <object-property name="Illumination" syntax="string" />
     </list>
   </properties>
</object-view> 